,loss,rmse,mse,mae,val_loss,val_rmse,val_mse,val_mae,_timestamp,_runtime
0,0.7515776753425598,0.5563411712646484,0.30951550602912903,0.4354095757007599,0.6151179075241089,0.42130911350250244,0.177501380443573,0.3348008990287781,1739280927,148
1,0.5957034230232239,0.4027247130870819,0.16218720376491547,0.3164692223072052,0.5549159049987793,0.35433804988861084,0.12555545568466187,0.2803271412849426,1739280928,149
2,0.5560950040817261,0.36142879724502563,0.13063077628612518,0.2853880822658539,0.5308118462562561,0.33065661787986755,0.10933380573987961,0.2614247500896454,1739280928,149
3,0.5361876487731934,0.34417352080345154,0.1184554174542427,0.2715260982513428,0.5166596174240112,0.32053929567337036,0.10274544358253479,0.2542891204357147,1739280928,149
4,0.5228374600410461,0.33540382981300354,0.11249572038650513,0.26632481813430786,0.5083348155021667,0.31881803274154663,0.10164494067430496,0.24820733070373535,1739280929,150
5,0.5128458142280579,0.3310372829437256,0.10958568751811981,0.26362329721450806,0.49887552857398987,0.3148241341114044,0.09911423921585083,0.24936528503894806,1739280929,150
6,0.5021542906761169,0.32507050037384033,0.10567083954811096,0.2586255371570587,0.4915498197078705,0.31370168924331665,0.09840875118970871,0.2501295804977417,1739280929,150
7,0.49398210644721985,0.32242703437805176,0.10395919531583786,0.25608134269714355,0.48495545983314514,0.31322410702705383,0.09810933470726013,0.24666468799114227,1739280929,150
8,0.4846704304218292,0.31749483942985535,0.1008029654622078,0.25152769684791565,0.47819983959198,0.31204521656036377,0.09737221896648407,0.24759642779827118,1739280929,150
9,0.47889208793640137,0.3176420032978058,0.1008964478969574,0.25175052881240845,0.4727753698825836,0.3125073313713074,0.0976608395576477,0.24428266286849976,1739280930,151
10,0.47119536995887756,0.314288854598999,0.09877748042345047,0.25011008977890015,0.46657851338386536,0.3113081157207489,0.09691274911165237,0.2456206977367401,1739280930,151
11,0.4643765687942505,0.3118932545185089,0.09727741032838821,0.24885433912277222,0.46166786551475525,0.3117451071739197,0.09718500822782516,0.24324612319469452,1739280930,151
12,0.4595743715763092,0.3123197853565216,0.0975436419248581,0.2474595159292221,0.45659923553466797,0.3115476667881012,0.09706194698810577,0.24251380562782288,1739280931,152
13,0.4536771774291992,0.3105972409248352,0.09647063910961151,0.2473258227109909,0.45146459341049194,0.3108516335487366,0.09662873297929764,0.2447233945131302,1739280931,152
14,0.44848474860191345,0.30964064598083496,0.09587733447551727,0.2475067675113678,0.44747525453567505,0.3116857409477234,0.09714800864458084,0.24096958339214325,1739280931,152
15,0.44254636764526367,0.30719342827796936,0.09436780214309692,0.24450094997882843,0.44213128089904785,0.3100879490375519,0.09615454077720642,0.24283917248249054,1739280931,152
16,0.4374121129512787,0.30580490827560425,0.09351664036512375,0.24424311518669128,0.4387538433074951,0.3114273250102997,0.09698697924613953,0.2405293732881546,1739280932,153
17,0.43329787254333496,0.3058561086654663,0.09354795515537262,0.24234119057655334,0.4344213306903839,0.31102943420410156,0.09673930704593658,0.24021410942077637,1739280932,153
18,0.4277648627758026,0.3033791482448578,0.09203889966011047,0.24054785072803497,0.4294545352458954,0.3094184100627899,0.09573975205421448,0.24067243933677673,1739280932,153
19,0.42344483733177185,0.3027172088623047,0.09163770824670792,0.24053719639778137,0.42481717467308044,0.30817684531211853,0.09497296810150146,0.245374858379364,1739280932,153
20,0.418835312128067,0.3014129102230072,0.09084974229335785,0.23963558673858643,0.42144787311553955,0.30881357192993164,0.09536581486463547,0.24340906739234924,1739280932,153
21,0.41552674770355225,0.3020819425582886,0.09125350415706635,0.23963309824466705,0.4169875383377075,0.3075251877307892,0.09457173943519592,0.2459488809108734,1739280933,154
22,0.4118427038192749,0.3019735515117645,0.09118802845478058,0.23992621898651123,0.4142197072505951,0.3088213801383972,0.09537065029144287,0.2418268471956253,1739280933,154
23,0.40900111198425293,0.30309006571769714,0.09186358004808426,0.24048130214214325,0.41004660725593567,0.3076855540275574,0.09467040002346039,0.2428373098373413,1739280933,154
24,0.40347856283187866,0.2996350824832916,0.08978118002414703,0.23899731040000916,0.40676307678222656,0.3078870475292206,0.09479442983865738,0.23967282474040985,1739280933,154
25,0.40015533566474915,0.29971328377723694,0.08982805907726288,0.23804719746112823,0.40384775400161743,0.30855363607406616,0.09520535171031952,0.23871055245399475,1739280934,155
26,0.396916002035141,0.29980048537254333,0.08988033980131149,0.23871055245399475,0.3995419144630432,0.3068556785583496,0.09416040778160095,0.24183352291584015,1739280934,155
27,0.39235150814056396,0.29756876826286316,0.08854717761278152,0.23707732558250427,0.3968597650527954,0.3077056109905243,0.09468274563550949,0.23991262912750244,1739280934,155
28,0.3887988328933716,0.29693910479545593,0.08817283064126968,0.23649612069129944,0.3924490511417389,0.3056449592113495,0.09341884404420853,0.23984749615192413,1739280934,155
29,0.38572874665260315,0.2970251441001892,0.08822393417358398,0.2362140417098999,0.39009222388267517,0.30685922503471375,0.09416257590055466,0.2378436028957367,1739280934,155
30,0.38189950585365295,0.29576611518859863,0.08747758716344833,0.23439112305641174,0.3885338008403778,0.30929431319236755,0.09566298127174377,0.23693351447582245,1739280935,156
31,0.3792727291584015,0.296463280916214,0.08789048343896866,0.23507042229175568,0.383515328168869,0.30605971813201904,0.09367255121469498,0.23897624015808105,1739280935,156
32,0.3764669597148895,0.2968170642852783,0.0881003737449646,0.2359137088060379,0.37995445728302,0.3051380217075348,0.09310920536518097,0.23892433941364288,1739280935,156
33,0.37188413739204407,0.294102281332016,0.08649614453315735,0.2332531362771988,0.3780434727668762,0.306856632232666,0.09416099637746811,0.23675969243049622,1739280935,156
34,0.3694029152393341,0.2948978543281555,0.08696474134922028,0.23427043855190277,0.37374430894851685,0.3046294152736664,0.09279908239841461,0.24102960526943207,1739280936,157
35,0.3656446039676666,0.2934781014919281,0.08612938970327377,0.23337912559509277,0.3707656264305115,0.3045176863670349,0.09273102879524231,0.2432839274406433,1739280936,157
36,0.36183473467826843,0.29193398356437683,0.08522544801235199,0.23256386816501617,0.36794790625572205,0.3046353757381439,0.09280271828174591,0.23663447797298431,1739280936,157
37,0.3599979877471924,0.2937069237232208,0.0862637534737587,0.2324119657278061,0.3654887080192566,0.3053077161312103,0.0932128056883812,0.23646655678749084,1739280936,157
38,0.35584133863449097,0.2914988398551941,0.08497157692909241,0.23110267519950867,0.36143285036087036,0.3033449053764343,0.09201813489198685,0.23922015726566315,1739280936,157
39,0.3533746898174286,0.2921522259712219,0.08535291999578476,0.23088747262954712,0.35824477672576904,0.302744597196579,0.09165428578853607,0.23966757953166962,1739280937,158
40,0.34959566593170166,0.29048916697502136,0.08438395708799362,0.22987091541290283,0.3561067581176758,0.3038523197174072,0.09232623875141144,0.23820164799690247,1739280937,158
41,0.34678831696510315,0.2904743552207947,0.08437534421682358,0.23012575507164001,0.3528316617012024,0.3030363917350769,0.09183105081319809,0.2374899536371231,1739280937,158
42,0.3431203067302704,0.28892624378204346,0.08347837626934052,0.22924724221229553,0.3507806956768036,0.3041988015174866,0.09253691136837006,0.2348635196685791,1739280937,158
43,0.34090593457221985,0.28983181715011597,0.08400247991085052,0.22924818098545074,0.34712156653404236,0.30266639590263367,0.09160695225000381,0.23717249929904938,1739280938,159
44,0.3376944959163666,0.2889856696128845,0.08351272344589233,0.22818568348884583,0.3447220027446747,0.30318307876586914,0.09191997349262238,0.24200503528118134,1739280938,159
45,0.3343658745288849,0.2878953814506531,0.08288375288248062,0.22727343440055847,0.34219107031822205,0.3034301996231079,0.09206989407539368,0.2348128855228424,1739280938,159
46,0.3314741253852844,0.28751593828201294,0.08266542106866837,0.226811945438385,0.3391668498516083,0.3028467297554016,0.09171613305807114,0.23667025566101074,1739280938,159
47,0.3284711241722107,0.28691065311431885,0.08231772482395172,0.22630497813224792,0.33822476863861084,0.3056236505508423,0.0934058204293251,0.23252086341381073,1739280939,160
48,0.32547181844711304,0.28624358773231506,0.08193538337945938,0.22503240406513214,0.3337397575378418,0.30254000425338745,0.0915304571390152,0.23809780180454254,1739280939,160
49,0.3234231770038605,0.2871948182582855,0.08248087018728256,0.22652851045131683,0.33038997650146484,0.30125921964645386,0.09075711667537689,0.2358638495206833,1739280939,160
50,0.32034027576446533,0.28628548979759216,0.08195938915014267,0.22628982365131378,0.32903918623924255,0.30323612689971924,0.09195214509963989,0.23657168447971344,1739280939,160
51,0.3172386884689331,0.28530168533325195,0.08139705657958984,0.22523124516010284,0.32551100850105286,0.3015902638435364,0.0909566879272461,0.2356751412153244,1739280940,161
52,0.3143705427646637,0.2846700847148895,0.08103705942630768,0.2241315245628357,0.3235662579536438,0.30248332023620605,0.09149616211652756,0.2383272796869278,1739280940,161
53,0.3114590346813202,0.28389492630958557,0.08059632778167725,0.22326700389385223,0.3210996687412262,0.30246537923812866,0.09148529917001724,0.23588211834430695,1739280940,161
54,0.30937162041664124,0.2845289707183838,0.08095673471689224,0.22449636459350586,0.31845247745513916,0.30210572481155396,0.09126787632703781,0.2329062670469284,1739280940,161
55,0.30573219060897827,0.2823658883571625,0.07973050326108932,0.22246341407299042,0.31746259331703186,0.3044258952140808,0.092675119638443,0.23138229548931122,1739280940,161
56,0.30438610911369324,0.284179151058197,0.08075778186321259,0.22289511561393738,0.31352755427360535,0.3018224239349365,0.09109677374362946,0.2345893681049347,1739280941,162
57,0.3016296327114105,0.28344956040382385,0.08034365624189377,0.22325244545936584,0.3116534948348999,0.3025739789009094,0.09155101329088211,0.23779970407485962,1739280941,162
58,0.29957661032676697,0.2838962972164154,0.08059711009263992,0.22427412867546082,0.30963701009750366,0.3030126690864563,0.09181667119264603,0.2344171404838562,1739280941,162
59,0.29627594351768494,0.28207337856292725,0.0795653834939003,0.22241653501987457,0.30728864669799805,0.30285561084747314,0.09172151237726212,0.23574374616146088,1739280941,162
60,0.29352712631225586,0.28116166591644287,0.07905188202857971,0.22121049463748932,0.30749356746673584,0.3068273365497589,0.09414301812648773,0.2306525707244873,1739280942,163
61,0.2913972735404968,0.28127723932266235,0.07911688089370728,0.2220240831375122,0.3026857078075409,0.30250442028045654,0.09150893241167068,0.23282602429389954,1739280942,163
62,0.2893722653388977,0.28150415420532227,0.07924458384513855,0.22216463088989258,0.30231818556785583,0.3054034411907196,0.09327126294374466,0.23266860842704773,1739280942,163
63,0.2862868309020996,0.2797638475894928,0.07826781272888184,0.22019214928150177,0.29856905341148376,0.3026629388332367,0.09160485118627548,0.23662830889225006,1739280942,163
64,0.28294825553894043,0.27748140692710876,0.07699593901634216,0.2182822823524475,0.29672423005104065,0.303007572889328,0.0918135866522789,0.23254720866680145,1739280942,163
65,0.28194156289100647,0.27932965755462646,0.07802505046129227,0.2199135422706604,0.29397979378700256,0.3018134832382202,0.09109137207269669,0.23273277282714844,1739280943,164
66,0.28003039956092834,0.27949637174606323,0.0781182199716568,0.21973228454589844,0.29245245456695557,0.302558571100235,0.09154168516397476,0.2358035445213318,1739280943,164
67,0.27780842781066895,0.27902016043663025,0.07785224914550781,0.21922694146633148,0.2900538146495819,0.30179810523986816,0.09108209609985352,0.23457372188568115,1739280943,164
68,0.27537328004837036,0.278100848197937,0.07734008878469467,0.21875855326652527,0.28800487518310547,0.30156055092811584,0.0909387618303299,0.23785445094108582,1739280943,164
69,0.27334630489349365,0.2778448164463043,0.07719773799180984,0.21900081634521484,0.28634315729141235,0.30189841985702515,0.09114264696836472,0.2342803180217743,1739280944,165
70,0.271012544631958,0.2769729793071747,0.07671403139829636,0.21700146794319153,0.28376367688179016,0.3006685972213745,0.09040159732103348,0.2338201403617859,1739280944,165
71,0.2692423462867737,0.2770697772502899,0.07676766067743301,0.217779278755188,0.2832302749156952,0.3027726411819458,0.09167127311229706,0.23374800384044647,1739280944,165
72,0.2672346234321594,0.27667751908302307,0.0765504539012909,0.21676315367221832,0.2812029719352722,0.3023509681224823,0.09141610562801361,0.23837444186210632,1739280944,165
73,0.26526349782943726,0.2762857973575592,0.07633384317159653,0.21719349920749664,0.2794916033744812,0.3024010956287384,0.0914464220404625,0.2391316294670105,1739280945,166
74,0.2635234594345093,0.2762634754180908,0.07632151246070862,0.2169772833585739,0.27801215648651123,0.30278265476226807,0.09167733043432236,0.23347505927085876,1739280945,166
75,0.2616519033908844,0.2759319841861725,0.0761384665966034,0.2170218825340271,0.2760743498802185,0.30235186219215393,0.09141664952039719,0.23546679317951202,1739280945,166
76,0.2587403357028961,0.27365943789482117,0.07488949596881866,0.2147885411977768,0.2753410041332245,0.30384430289268494,0.09232136607170105,0.23102061450481415,1739280945,166
77,0.2574978470802307,0.27436038851737976,0.07527361810207367,0.21542900800704956,0.27267029881477356,0.3021003007888794,0.09126459807157516,0.23468299210071564,1739280946,167
78,0.2558727562427521,0.27430805563926697,0.07524491101503372,0.21409796178340912,0.2717481851577759,0.30318543314933777,0.09192141145467758,0.23477013409137726,1739280946,167
79,0.2540498971939087,0.2738262414932251,0.07498080283403397,0.21433676779270172,0.26991006731987,0.30268701910972595,0.09161942452192307,0.236672043800354,1739280946,167
80,0.25151827931404114,0.271980345249176,0.07397331297397614,0.2130252569913864,0.26919427514076233,0.30400049686431885,0.09241630882024765,0.23854860663414001,1739280946,167
81,0.2505202293395996,0.2728968858718872,0.07447270303964615,0.21336564421653748,0.26721999049186707,0.30318713188171387,0.09192243218421936,0.23706376552581787,1739280946,167
82,0.24834629893302917,0.2716018259525299,0.07376755774021149,0.2124319225549698,0.2665863037109375,0.3045300245285034,0.09273853898048401,0.23404189944267273,1739280947,168
83,0.24767360091209412,0.27299463748931885,0.07452607154846191,0.21412567794322968,0.26484188437461853,0.30399590730667114,0.0924135074019432,0.2311372607946396,1739280947,168
84,0.2465711534023285,0.27354905009269714,0.0748290866613388,0.21391385793685913,0.26307615637779236,0.3033839464187622,0.09204181283712387,0.23930712044239044,1739280947,168
85,0.24436770379543304,0.272026002407074,0.07399814575910568,0.21299786865711212,0.26206427812576294,0.3039454221725464,0.09238281846046448,0.23239029943943024,1739280947,168
86,0.24261154234409332,0.27127495408058167,0.07359010726213455,0.21265043318271637,0.26120829582214355,0.3047308027744293,0.0928608626127243,0.23308555781841278,1739280947,168
87,0.2414495348930359,0.2715614140033722,0.07374560087919235,0.21276187896728516,0.2592610716819763,0.30368563532829285,0.09222497045993805,0.23026753962039948,1739280948,169
88,0.2396542876958847,0.2706575095653534,0.07325548678636551,0.21144850552082062,0.25949570536613464,0.3061774969100952,0.093744657933712,0.23305851221084595,1739280948,169
89,0.2377534806728363,0.269490510225296,0.07262513041496277,0.2102772444486618,0.25797775387763977,0.305772066116333,0.09349655359983444,0.23199355602264404,1739280948,169
90,0.2373669296503067,0.27110615372657776,0.07349853962659836,0.21221570670604706,0.2552964985370636,0.303415447473526,0.09206093847751617,0.2328041046857834,1739280948,169
91,0.23578743636608124,0.2704712152481079,0.07315467298030853,0.21195019781589508,0.2556811273097992,0.30605724453926086,0.0936710387468338,0.23045356571674347,1739280948,169
92,0.2342662811279297,0.26989778876304626,0.07284481078386307,0.2106296420097351,0.25387173891067505,0.30504852533340454,0.09305460751056671,0.23277732729911804,1739280949,170
93,0.23278136551380157,0.2693440914154053,0.07254623621702194,0.21041306853294373,0.2544236481189728,0.3078736364841461,0.09478617459535599,0.2316584438085556,1739280949,170
94,0.2314145565032959,0.2689776122570038,0.07234895974397659,0.21000739932060242,0.25167688727378845,0.30527812242507935,0.09319473803043365,0.23128201067447662,1739280949,170
95,0.22902411222457886,0.2666533291339874,0.07110399007797241,0.20826834440231323,0.2503891587257385,0.3050351142883301,0.09304642677307129,0.2323179841041565,1739280949,170
96,0.22846923768520355,0.2677287459373474,0.07167867571115494,0.2082095742225647,0.24947306513786316,0.3053722381591797,0.09325220435857773,0.24032342433929443,1739280950,171
97,0.22683565318584442,0.26674777269363403,0.07115437090396881,0.20801641047000885,0.24782584607601166,0.3044632077217102,0.09269784390926361,0.2359747588634491,1739280950,171
98,0.22635170817375183,0.26787176728248596,0.07175528258085251,0.20938493311405182,0.2472287118434906,0.3052547574043274,0.09318047016859055,0.23076818883419037,1739280950,171
99,0.22548232972621918,0.26823708415031433,0.07195113599300385,0.21016032993793488,0.24558722972869873,0.30428290367126465,0.09258808940649033,0.23172567784786224,1739280950,171
100,0.22395077347755432,0.2673253118991852,0.07146281749010086,0.2080603986978531,0.245733380317688,0.3062240183353424,0.09377315640449524,0.2328253835439682,1739280951,172
101,0.22277182340621948,0.26704734563827515,0.07131428271532059,0.20767326653003693,0.24520161747932434,0.30700933933258057,0.09425473213195801,0.2299632579088211,1739280951,172
102,0.22018663585186005,0.2640700042247772,0.06973297148942947,0.20538978278636932,0.24309663474559784,0.3052060306072235,0.09315071254968643,0.2367122322320938,1739280951,172
103,0.2195451706647873,0.2647366225719452,0.07008547335863113,0.20578700304031372,0.2435026466846466,0.30747732520103455,0.09454230219125748,0.2307356595993042,1739280951,172
104,0.21891836822032928,0.2654074430465698,0.0704411044716835,0.2063761055469513,0.2428300827741623,0.30796411633491516,0.09484189003705978,0.23274590075016022,1739280952,173
105,0.21760118007659912,0.26473256945610046,0.07008332759141922,0.20668558776378632,0.24211706221103668,0.30835995078086853,0.09508585929870605,0.23362809419631958,1739280952,173
106,0.2168509066104889,0.2651093900203705,0.07028298825025558,0.2060745507478714,0.23903626203536987,0.30488428473472595,0.09295442700386047,0.23122403025627136,1739280952,173
107,0.21595732867717743,0.26519009470939636,0.07032578438520432,0.20716765522956848,0.24064457416534424,0.30899977684020996,0.09548085927963257,0.23154637217521667,1739280952,173
108,0.21508359909057617,0.2652685344219208,0.07036738842725754,0.20689992606639862,0.23755484819412231,0.3054482936859131,0.09329865872859955,0.23303799331188202,1739280952,173
109,0.2124052494764328,0.2618873715400696,0.06858499348163605,0.2037028819322586,0.23557277023792267,0.3036545217037201,0.09220606088638306,0.23375174403190613,1739280953,174
110,0.2123401015996933,0.2634470462799072,0.06940434128046036,0.20553326606750488,0.23829500377178192,0.30952391028404236,0.09580504894256592,0.2310253530740738,1739280953,174
111,0.2115567922592163,0.2636098861694336,0.06949016451835632,0.20576289296150208,0.23525039851665497,0.3059762716293335,0.09362147003412247,0.2317882925271988,1739280953,174
112,0.21039025485515594,0.2630217671394348,0.0691804513335228,0.20391090214252472,0.2334296703338623,0.30439090728759766,0.09265383332967758,0.23407761752605438,1739280953,174
113,0.20920227468013763,0.26237431168556213,0.06884028017520905,0.20515047013759613,0.23463217914104462,0.3077293038368225,0.09469732642173767,0.22978699207305908,1739280953,174
114,0.2092927098274231,0.2641308903694153,0.0697651207447052,0.20487645268440247,0.2327755242586136,0.3060503304004669,0.09366679936647415,0.23042888939380646,1739280954,175
115,0.20801234245300293,0.26324281096458435,0.06929677724838257,0.20443996787071228,0.23537465929985046,0.3115515112876892,0.09706434607505798,0.22875459492206573,1739280954,175
116,0.2069394737482071,0.2627178430557251,0.06902066618204117,0.20441477000713348,0.23204004764556885,0.30744221806526184,0.09452071785926819,0.23853111267089844,1739280954,175
117,0.2060604691505432,0.2625221014022827,0.06891784816980362,0.20340947806835175,0.22999916970729828,0.3053755760192871,0.09325424581766129,0.23907822370529175,1739280954,175
118,0.2051168829202652,0.26219940185546875,0.06874853372573853,0.20438839495182037,0.23017653822898865,0.30691829323768616,0.09419883787631989,0.23217961192131042,1739280955,176
119,0.20527337491512299,0.26394006609916687,0.0696643590927124,0.20401041209697723,0.23239457607269287,0.3117162585258484,0.09716702997684479,0.22979412972927094,1739280955,176
120,0.20337773859500885,0.26174795627593994,0.06851198524236679,0.20334689319133759,0.22781971096992493,0.3054995834827423,0.09332999587059021,0.23196616768836975,1739280955,176
121,0.20199179649353027,0.2604958117008209,0.06785807013511658,0.20193807780742645,0.2283068597316742,0.30748772621154785,0.09454870223999023,0.229705810546875,1739280955,176
122,0.2011626809835434,0.26030632853507996,0.06775937974452972,0.20217426121234894,0.22642795741558075,0.3056026101112366,0.09339295327663422,0.23533418774604797,1739280956,177
123,0.20019206404685974,0.259834349155426,0.06751388311386108,0.20123521983623505,0.22694189846515656,0.30761682987213135,0.09462811052799225,0.24000099301338196,1739280956,177
124,0.2006872594356537,0.2621420621871948,0.06871846318244934,0.20371603965759277,0.22538883984088898,0.30623143911361694,0.09377768635749817,0.23190303146839142,1739280956,177
125,0.1987992525100708,0.25986939668655396,0.06753210723400116,0.20245322585105896,0.22496257722377777,0.306674063205719,0.09404897689819336,0.23481906950473785,1739280956,177
126,0.19813615083694458,0.25991472601890564,0.06755565851926804,0.201772078871727,0.22529107332229614,0.3083142042160034,0.0950576439499855,0.24003897607326508,1739280956,177
127,0.19781117141246796,0.26059597730636597,0.06791026890277863,0.203543558716774,0.22345107793807983,0.30642110109329224,0.09389389306306839,0.23221254348754883,1739280957,178
128,0.1974247843027115,0.26114487648010254,0.06819663941860199,0.20258645713329315,0.22273746132850647,0.3063454031944275,0.09384750574827194,0.2322452813386917,1739280957,178
129,0.19525736570358276,0.2582409381866455,0.06668838113546371,0.20049604773521423,0.22197841107845306,0.30617204308509827,0.09374132752418518,0.23725230991840363,1739280957,178
130,0.19452185928821564,0.2580804228782654,0.06660550087690353,0.1998293101787567,0.2209888994693756,0.3056199848651886,0.09340357035398483,0.23241809010505676,1739280957,178
131,0.1952151209115982,0.26065593957901,0.06794152408838272,0.2023629993200302,0.22209030389785767,0.3084522485733032,0.09514279663562775,0.23001646995544434,1739280958,179
132,0.19362632930278778,0.25882187485694885,0.06698876619338989,0.19981177151203156,0.2228689044713974,0.3107261061668396,0.09655071049928665,0.2328287810087204,1739280958,179
133,0.19202964007854462,0.25692903995513916,0.06601252406835556,0.19903330504894257,0.2234453409910202,0.31263893842697144,0.09774310886859894,0.23170559108257294,1739280958,179
134,0.19239769876003265,0.25884416699409485,0.06700029969215393,0.2003019154071808,0.22059033811092377,0.309040367603302,0.09550595283508301,0.23074868321418762,1739280958,179
135,0.19105936586856842,0.25744786858558655,0.06627940386533737,0.19912584125995636,0.21879418194293976,0.30712491273880005,0.0943257063627243,0.2344372421503067,1739280959,180
136,0.192091703414917,0.2606179714202881,0.0679217278957367,0.20173271000385284,0.2188141644001007,0.3081417381763458,0.0949513390660286,0.2388998121023178,1739280959,180
137,0.19015537202358246,0.2580357491970062,0.06658244878053665,0.20037579536437988,0.2186247706413269,0.30878621339797974,0.09534892439842224,0.22925648093223572,1739280959,180
138,0.18982143700122833,0.2585242688655853,0.06683479249477386,0.20099014043807983,0.21839915215969086,0.30937460064888,0.09571263939142227,0.23179787397384644,1739280959,180
139,0.18840546905994415,0.25690609216690063,0.06600074470043182,0.19866086542606354,0.22037282586097717,0.3134622275829315,0.09825856983661652,0.22944237291812897,1739280959,180
140,0.18719451129436493,0.25566011667251587,0.06536209583282471,0.19760949909687042,0.21892818808555603,0.31206393241882324,0.09738389402627945,0.2311890423297882,1739280960,181
141,0.1869388222694397,0.25626569986343384,0.06567211449146271,0.19803418219089508,0.21660248935222626,0.30923935770988464,0.09562897682189941,0.2330818623304367,1739280960,181
142,0.18659918010234833,0.25670066475868225,0.06589522957801819,0.1989646553993225,0.2156280279159546,0.3085543215274811,0.09520576149225235,0.2300390899181366,1739280960,181
143,0.18568122386932373,0.25599929690361023,0.06553564220666885,0.19767630100250244,0.21519578993320465,0.30876293778419495,0.09533455967903137,0.23395371437072754,1739280960,181
144,0.1844434142112732,0.2546581029891968,0.06485075503587723,0.1967846304178238,0.21469300985336304,0.30883729457855225,0.09538047760725021,0.23589226603507996,1739280961,182
145,0.18390771746635437,0.25467461347579956,0.06485915184020996,0.19737686216831207,0.21317970752716064,0.3072540760040283,0.09440506249666214,0.2381361424922943,1739280961,182
146,0.18412746489048004,0.25616538524627686,0.06562069803476334,0.19777056574821472,0.21281607449054718,0.3075422942638397,0.09458226710557938,0.23513512313365936,1739280961,182
147,0.1835084855556488,0.2560012638568878,0.06553664058446884,0.1987510472536087,0.21240442991256714,0.3077409863471985,0.0947045087814331,0.234865203499794,1739280961,182
148,0.1829785853624344,0.2559988498687744,0.06553541868925095,0.19842883944511414,0.21191735565662384,0.3078000545501709,0.09474088251590729,0.2344556748867035,1739280962,183
149,0.18183524906635284,0.2547832131385803,0.06491448730230331,0.19585242867469788,0.21237753331661224,0.3093826472759247,0.09571761637926102,0.23899959027767181,1739280962,183
150,0.18192943930625916,0.2559647858142853,0.06551797688007355,0.198649600148201,0.21088431775569916,0.30779018998146057,0.0947347953915596,0.2344510406255722,1739280962,183
151,0.18052636086940765,0.2542162835597992,0.06462592631578445,0.19612780213356018,0.2096129059791565,0.30654728412628174,0.09397123008966446,0.2355470061302185,1739280962,183
152,0.18002571165561676,0.25422975420951843,0.06463276594877243,0.19588615000247955,0.2097340226173401,0.30756452679634094,0.09459593892097473,0.2344762235879898,1739280963,184
153,0.17935991287231445,0.253905326128006,0.0644679144024849,0.19563083350658417,0.2107868194580078,0.31008169054985046,0.09615065902471542,0.23313263058662415,1739280963,184
154,0.1779763549566269,0.25215280055999756,0.06358104199171066,0.1955927163362503,0.2105032503604889,0.310415118932724,0.0963575467467308,0.2321072518825531,1739280963,184
155,0.17900675535202026,0.2551456689834595,0.0650993138551712,0.19767580926418304,0.2090739607810974,0.30890166759490967,0.09542024880647659,0.23397259414196014,1739280963,184
156,0.17759168148040771,0.25332579016685486,0.06417395919561386,0.19487400352954865,0.20829570293426514,0.30841735005378723,0.09512125700712204,0.23426929116249084,1739280964,185
157,0.17619521915912628,0.25150713324546814,0.06325583904981613,0.19371908903121948,0.20798256993293762,0.30867892503738403,0.0952826738357544,0.23974750936031342,1739280964,185
158,0.17630112171173096,0.252666711807251,0.06384046375751495,0.19544537365436554,0.20799927413463593,0.3094901740550995,0.09578417241573334,0.23603302240371704,1739280964,185
159,0.17545586824417114,0.25193557143211365,0.06347153335809708,0.19482365250587463,0.20866185426712036,0.31132256984710693,0.09692174196243286,0.2338792085647583,1739280964,185
160,0.17558351159095764,0.25312894582748413,0.06407426297664642,0.19482675194740295,0.20690052211284637,0.3092392683029175,0.09562892466783524,0.232255756855011,1739280964,185
161,0.17516878247261047,0.25322332978248596,0.06412205845117569,0.19565778970718384,0.20683929324150085,0.3098851144313812,0.09602878987789154,0.23238098621368408,1739280965,186
162,0.17473943531513214,0.2532917261123657,0.06415669620037079,0.19600380957126617,0.20590075850486755,0.30911973118782043,0.09555501490831375,0.2340029627084732,1739280965,186
163,0.17363183200359344,0.2520124018192291,0.06351025402545929,0.19524316489696503,0.20670545101165771,0.31114545464515686,0.09681148827075958,0.23159092664718628,1739280965,186
164,0.17274576425552368,0.25113898515701294,0.06307078897953033,0.19354017078876495,0.2082415223121643,0.31432121992111206,0.09879783540964127,0.23112350702285767,1739280965,186
165,0.17253008484840393,0.25161901116371155,0.06331212818622589,0.19480682909488678,0.20542478561401367,0.3105453550815582,0.09643841534852982,0.23410731554031372,1739280966,187
166,0.17236725986003876,0.2521834075450897,0.06359647214412689,0.1945597380399704,0.20383119583129883,0.30868545174598694,0.09528671205043793,0.2368602156639099,1739280966,187
167,0.17164167761802673,0.25161612033843994,0.0633106678724289,0.19469062983989716,0.20588980615139008,0.31269392371177673,0.09777749329805374,0.2312968522310257,1739280966,187
168,0.1707794964313507,0.25076377391815186,0.06288247555494308,0.19359983503818512,0.20335964858531952,0.3093331754207611,0.09568701684474945,0.23345111310482025,1739280966,187
169,0.17100889980793,0.2520867884159088,0.06354775279760361,0.19440919160842896,0.203187495470047,0.30974775552749634,0.09594367444515228,0.23172953724861145,1739280967,188
170,0.1701260805130005,0.2511745095252991,0.06308864057064056,0.19351351261138916,0.202373668551445,0.3091115355491638,0.09554994851350784,0.23297134041786194,1739280967,188
171,0.16985490918159485,0.25146815180778503,0.06323623657226562,0.19456201791763306,0.20215056836605072,0.30942896008491516,0.09574627876281738,0.23307421803474426,1739280967,188
172,0.16857285797595978,0.24973948299884796,0.06236981227993965,0.19276279211044312,0.20170532166957855,0.30938178300857544,0.09571707993745804,0.23753349483013153,1739280967,188
173,0.16897760331630707,0.25137966871261597,0.0631917342543602,0.19417721033096313,0.20231768488883972,0.31103357672691345,0.09674188494682312,0.2332235425710678,1739280967,188
174,0.1680452823638916,0.2503325045108795,0.06266635656356812,0.19259172677993774,0.20128335058689117,0.310025691986084,0.09611593186855316,0.23711152374744415,1739280968,189
175,0.1673835963010788,0.24982617795467377,0.06241311877965927,0.19278272986412048,0.20182090997695923,0.31153732538223267,0.09705550223588943,0.23371410369873047,1739280968,189
176,0.16701515018939972,0.24987880885601044,0.06243941932916641,0.19274991750717163,0.20181943476200104,0.3121607303619385,0.0974443256855011,0.23243004083633423,1739280968,189
177,0.1665012538433075,0.24964739382266998,0.06232382357120514,0.19244886934757233,0.20008327066898346,0.310014545917511,0.09610901772975922,0.23140108585357666,1739280968,189
178,0.16616816818714142,0.24977344274520874,0.06238676980137825,0.19238710403442383,0.19932615756988525,0.309419721364975,0.09574057161808014,0.23625673353672028,1739280969,190
179,0.16577255725860596,0.24975313246250153,0.06237662956118584,0.19234950840473175,0.2022998332977295,0.31479665637016296,0.09909693896770477,0.23085643351078033,1739280969,190
180,0.1660991609096527,0.2511672377586365,0.06308497488498688,0.19405560195446014,0.19834357500076294,0.3090638518333435,0.09552046656608582,0.23846793174743652,1739280969,190
181,0.1650882363319397,0.249913290143013,0.0624566525220871,0.19202196598052979,0.19989487528800964,0.3121781647205353,0.09745520353317261,0.23042550683021545,1739280969,190
182,0.16421489417552948,0.24892830848693848,0.061965301632881165,0.19092050194740295,0.20040883123874664,0.3136187791824341,0.09835673123598099,0.23315365612506866,1739280970,191
183,0.16372093558311462,0.24869802594184875,0.06185070797801018,0.19107238948345184,0.19804660975933075,0.31043314933776855,0.09636873751878738,0.23225899040699005,1739280970,191
184,0.16265709698200226,0.24731293320655823,0.06116368621587753,0.19004318118095398,0.19805727899074554,0.31105291843414307,0.09675392508506775,0.23478232324123383,1739280970,191
185,0.16291898488998413,0.24859239161014557,0.061798177659511566,0.19086234271526337,0.19691890478134155,0.30982455611228943,0.09599125385284424,0.2356427162885666,1739280970,191
186,0.16235530376434326,0.2482154816389084,0.06161092221736908,0.190768301486969,0.19876189529895782,0.31338489055633545,0.09821009635925293,0.2444525510072708,1739280970,191
187,0.1617085486650467,0.2476557344198227,0.06133336201310158,0.190652534365654,0.19558154046535492,0.3088637590408325,0.09539681673049927,0.23714621365070343,1739280971,192
188,0.1609417200088501,0.2468537539243698,0.06093677505850792,0.1897483617067337,0.19890424609184265,0.31478172540664673,0.09908752888441086,0.23315510153770447,1739280971,192
189,0.16207846999168396,0.2498764991760254,0.06243826821446419,0.19199426472187042,0.1956653892993927,0.31016960740089417,0.09620518982410431,0.23539425432682037,1739280971,192
190,0.1618209183216095,0.2500761151313782,0.06253805756568909,0.1937323659658432,0.19519633054733276,0.30998626351356506,0.09609147906303406,0.23490841686725616,1739280971,192
191,0.16043458878993988,0.24800708889961243,0.061507515609264374,0.1901130974292755,0.19434113800525665,0.30918633937835693,0.09559619426727295,0.23565159738063812,1739280972,193
192,0.16005319356918335,0.2479538470506668,0.06148110702633858,0.19123554229736328,0.1983080357313156,0.3160904049873352,0.09991314262151718,0.23138704895973206,1739280972,193
193,0.1590399295091629,0.24660244584083557,0.06081276759505272,0.18935871124267578,0.19581979513168335,0.31267932057380676,0.09776835143566132,0.2307424545288086,1739280972,193
194,0.1591532975435257,0.24754194915294647,0.06127701699733734,0.19008974730968475,0.19494633376598358,0.3118457496166229,0.09724776446819305,0.2339116930961609,1739280972,193
195,0.15848557651042938,0.24688434600830078,0.060951877385377884,0.1899707019329071,0.19506478309631348,0.3125807046890259,0.09770669788122177,0.23278926312923431,1739280973,194
196,0.15725718438625336,0.24509024620056152,0.06006922945380211,0.18800608813762665,0.19493019580841064,0.3129097521305084,0.0979125127196312,0.23241518437862396,1739280973,194
197,0.1581345647573471,0.24754969775676727,0.06128085032105446,0.19090759754180908,0.195146843791008,0.3137914538383484,0.09846507757902145,0.2339499145746231,1739280973,194
198,0.15722592175006866,0.2463875263929367,0.060706816613674164,0.18882527947425842,0.19293160736560822,0.3107792139053345,0.09658372402191162,0.2338937520980835,1739280973,194
199,0.15689092874526978,0.24639511108398438,0.06071055307984352,0.18918028473854065,0.1924239546060562,0.31050559878349304,0.09641372412443161,0.23481787741184235,1739280973,194
200,0.15591022372245789,0.24506355822086334,0.06005614623427391,0.18930596113204956,0.19156114757061005,0.309635192155838,0.09587395191192627,0.2353992760181427,1739280974,195
201,0.1565369814634323,0.2470061033964157,0.061012014746665955,0.19013066589832306,0.19217514991760254,0.311158150434494,0.09681939333677292,0.23692312836647034,1739280974,195
202,0.15621015429496765,0.2470163255929947,0.06101706251502037,0.19001375138759613,0.19293390214443207,0.31290289759635925,0.09790822863578796,0.23204174637794495,1739280974,195
203,0.1559615135192871,0.24717116355895996,0.06109358370304108,0.18957814574241638,0.19083602726459503,0.31006214022636414,0.09613852202892303,0.2333928793668747,1739280974,195
204,0.15526895225048065,0.24642567336559296,0.0607256144285202,0.18907655775547028,0.19166339933872223,0.3119044005870819,0.09728434681892395,0.23338817059993744,1739280975,196
205,0.15515854954719543,0.24685297906398773,0.060936395078897476,0.18996842205524445,0.19023428857326508,0.3101160526275635,0.09617196768522263,0.23586368560791016,1739280975,196
206,0.15409019589424133,0.24533288180828094,0.06018822640180588,0.18934521079063416,0.19260196387767792,0.31442439556121826,0.09886269271373749,0.23309683799743652,1739280975,196
207,0.15481135249137878,0.24743294715881348,0.06122306361794472,0.19020269811153412,0.19112028181552887,0.31255435943603516,0.09769022464752197,0.23165927827358246,1739280975,196
208,0.153565913438797,0.24554598331451416,0.06029283255338669,0.18796919286251068,0.19030983746051788,0.3117677569389343,0.09719912707805634,0.2384202480316162,1739280975,196
209,0.15359802544116974,0.2462526261806488,0.060640353709459305,0.1886027306318283,0.19016572833061218,0.31202802062034607,0.0973614901304245,0.23167499899864197,1739280976,197
210,0.15244804322719574,0.24453136324882507,0.05979558825492859,0.18787044286727905,0.18895123898983002,0.3105687201023102,0.09645292162895203,0.23281607031822205,1739280976,197
211,0.1532112956047058,0.24670851230621338,0.06086508929729462,0.188714399933815,0.18888318538665771,0.3109566569328308,0.09669404476881027,0.23983055353164673,1739280976,197
212,0.15221688151359558,0.24531178176403046,0.06017787382006645,0.18829025328159332,0.18937718868255615,0.31223493814468384,0.09749066084623337,0.24073301255702972,1739280976,197
213,0.1516563892364502,0.24477054178714752,0.05991261452436447,0.18752148747444153,0.18862706422805786,0.31150609254837036,0.09703604131937027,0.23848950862884521,1739280977,198
214,0.151296004652977,0.24465304613113403,0.05985511466860771,0.18885909020900726,0.19082939624786377,0.3154999911785126,0.09954024851322174,0.2340126931667328,1739280977,198
215,0.15089130401611328,0.24443714320659637,0.05974951386451721,0.18752014636993408,0.18664376437664032,0.3092820942401886,0.0956554189324379,0.2345753163099289,1739280977,198
216,0.15021461248397827,0.2436647266149521,0.059372495859861374,0.18695324659347534,0.18887662887573242,0.3133499324321747,0.09818817675113678,0.23169416189193726,1739280977,198
217,0.14947926998138428,0.24276629090309143,0.05893547087907791,0.18581221997737885,0.188475102186203,0.3131876289844513,0.09808649122714996,0.24384111166000366,1739280978,199
218,0.15079616010189056,0.2460610568523407,0.060546040534973145,0.1891118586063385,0.1869831681251526,0.3112611770629883,0.09688352048397064,0.24247723817825317,1739280978,199
219,0.14928501844406128,0.24356889724731445,0.05932580679655075,0.187592551112175,0.18804717063903809,0.3134291172027588,0.09823781251907349,0.23348964750766754,1739280978,199
220,0.14980456233024597,0.24523067474365234,0.06013808399438858,0.18813669681549072,0.18899405002593994,0.3153955340385437,0.09947434067726135,0.2319430559873581,1739280978,199
221,0.14889998733997345,0.2439727783203125,0.05952271446585655,0.18564680218696594,0.18755994737148285,0.31357619166374207,0.09833003580570221,0.23327764868736267,1739280978,199
222,0.14847275614738464,0.2436785250902176,0.059379223734140396,0.18670542538166046,0.18679967522621155,0.3128131031990051,0.09785202890634537,0.23375603556632996,1739280979,200
223,0.14798659086227417,0.24327096343040466,0.05918075889348984,0.18673399090766907,0.1849929839372635,0.310371458530426,0.0963304415345192,0.23808009922504425,1739280979,200
224,0.14776889979839325,0.2434089481830597,0.05924791842699051,0.18735261261463165,0.1867724508047104,0.31368350982666016,0.09839734435081482,0.23688989877700806,1739280979,200
225,0.1478050947189331,0.2440655380487442,0.05956798791885376,0.18720397353172302,0.18568463623523712,0.3123967945575714,0.09759175777435303,0.23778125643730164,1739280979,200
226,0.14786659181118011,0.24475917220115662,0.05990705266594887,0.18748149275779724,0.18667177855968475,0.31441861391067505,0.09885905683040619,0.23061682283878326,1739280980,201
227,0.14733126759529114,0.24424101412296295,0.059653669595718384,0.1874987930059433,0.1853463351726532,0.3127467632293701,0.0978105366230011,0.23252858221530914,1739280980,201
228,0.14618895947933197,0.24246013164520264,0.05878691375255585,0.18592265248298645,0.1850048154592514,0.31264176964759827,0.097744882106781,0.23789381980895996,1739280980,201
229,0.145950585603714,0.24254591763019562,0.05882852524518967,0.18644306063652039,0.18571966886520386,0.31421709060668945,0.09873238205909729,0.2340843826532364,1739280980,201
230,0.14501091837882996,0.24115829169750214,0.05815732479095459,0.1851004660129547,0.18422602117061615,0.3122727572917938,0.09751427918672562,0.2348208874464035,1739280980,201
231,0.14539025723934174,0.2425108402967453,0.058811504393815994,0.18608000874519348,0.18337875604629517,0.31135043501853943,0.0969390943646431,0.23321454226970673,1739280981,202
232,0.14521129429340363,0.2426983118057251,0.05890246853232384,0.1866282820701599,0.18336772918701172,0.31176528334617615,0.09719759970903397,0.2387816458940506,1739280981,202
233,0.14480137825012207,0.2424069344997406,0.0587611198425293,0.18551579117774963,0.18372423946857452,0.31275585293769836,0.09781622886657715,0.23288676142692566,1739280981,202
234,0.14489352703094482,0.24314138293266296,0.05911773443222046,0.18634098768234253,0.18248452246189117,0.31120023131370544,0.0968455821275711,0.23261329531669617,1739280981,202
235,0.14442181587219238,0.2427215278148651,0.058913737535476685,0.18590810894966125,0.18380206823349,0.31373822689056396,0.09843168407678604,0.23267774283885956,1739280982,203
236,0.14434704184532166,0.2431093454360962,0.05910215526819229,0.185698002576828,0.18316662311553955,0.31313955783843994,0.0980563759803772,0.2396610528230667,1739280982,203
237,0.1434195637702942,0.2417384833097458,0.058437496423721313,0.1849147528409958,0.18310415744781494,0.313461571931839,0.09825816005468369,0.23394685983657837,1739280982,203
238,0.14401327073574066,0.2435150444507599,0.05929957702755928,0.18632081151008606,0.18355807662010193,0.3146085739135742,0.09897855669260025,0.23394230008125305,1739280982,203
239,0.14378704130649567,0.24358542263507843,0.059333860874176025,0.18661855161190033,0.18316040933132172,0.31438538432121277,0.09883817285299301,0.2321934849023819,1739280983,204
240,0.1435442566871643,0.24361684918403625,0.059349168092012405,0.18665774166584015,0.18165290355682373,0.31238821148872375,0.09758638590574265,0.2332463413476944,1739280983,204
241,0.14331354200839996,0.24366223812103271,0.05937128886580467,0.18575341999530792,0.18233731389045715,0.3138928711414337,0.09852874279022217,0.23622111976146698,1739280983,204
242,0.14371399581432343,0.24500994384288788,0.06002987548708916,0.18730702996253967,0.17992950975894928,0.31044286489486694,0.09637477248907089,0.23814374208450317,1739280983,204
243,0.1427089124917984,0.24347037076950073,0.05927782505750656,0.1864352822303772,0.18070538341999054,0.31209829449653625,0.0974053367972374,0.23585614562034607,1739280984,205
244,0.14166326820850372,0.24184270203113556,0.058487892150878906,0.18537360429763794,0.1825411468744278,0.3154250979423523,0.09949298948049545,0.2381974458694458,1739280984,205
245,0.14137129485607147,0.2417457103729248,0.05844098702073097,0.18549369275569916,0.18402178585529327,0.31814754009246826,0.10121786594390869,0.23166146874427795,1739280984,205
246,0.14130696654319763,0.24212951958179474,0.05862670764327049,0.18475383520126343,0.1799473762512207,0.31207701563835144,0.09739206731319427,0.23972299695014954,1739280984,205
247,0.14041553437709808,0.24079059064388275,0.05798010900616646,0.1851188689470291,0.18135899305343628,0.314720094203949,0.09904873371124268,0.23211131989955902,1739280985,206
248,0.14139088988304138,0.24331232905387878,0.059200890362262726,0.18560288846492767,0.17791539430618286,0.3095945715904236,0.09584880620241165,0.23586536943912506,1739280985,206
249,0.14036215841770172,0.2416873276233673,0.058412764221429825,0.18469743430614471,0.17871850728988647,0.3112722635269165,0.0968904197216034,0.2395959496498108,1739280985,206
250,0.13963709771633148,0.24067822098731995,0.057926006615161896,0.18390314280986786,0.18001516163349152,0.3137296140193939,0.09842626750469208,0.23719879984855652,1739280985,206
251,0.1391279399394989,0.24011750519275665,0.057656414806842804,0.1836816668510437,0.17885161936283112,0.3122481405735016,0.09749890863895416,0.23738962411880493,1739280985,206
252,0.13850679993629456,0.23930948972702026,0.057269029319286346,0.18312473595142365,0.1788964569568634,0.3126959204673767,0.09777873754501343,0.23414717614650726,1739280986,207
253,0.13894186913967133,0.24071085453033447,0.05794171243906021,0.1843212991952896,0.18049249053001404,0.31561678647994995,0.0996139645576477,0.23274371027946472,1739280986,207
254,0.13863810896873474,0.24058884382247925,0.057882990688085556,0.18386763334274292,0.17928239703178406,0.3140787184238434,0.09864544868469238,0.24539607763290405,1739280986,207
255,0.13839110732078552,0.24055974185466766,0.05786898732185364,0.18423238396644592,0.17790117859840393,0.31224799156188965,0.0974988117814064,0.23579981923103333,1739280986,207
256,0.1382521241903305,0.2407577931880951,0.05796431377530098,0.18347716331481934,0.17738237977027893,0.3117935061454773,0.0972151979804039,0.23639021813869476,1739280987,208
257,0.13819076120853424,0.24112024903297424,0.058138974010944366,0.1848994940519333,0.17939966917037964,0.315381795167923,0.09946567565202713,0.23332445323467255,1739280987,208
258,0.137896329164505,0.2409868687391281,0.05807466804981232,0.18403063714504242,0.17905749380588531,0.315198689699173,0.0993502214550972,0.23208662867546082,1739280987,208
259,0.1372917890548706,0.24019990861415863,0.05769599601626396,0.18287445604801178,0.17778070271015167,0.3135354220867157,0.09830445796251297,0.2369416356086731,1739280987,208
260,0.137923926115036,0.24198859930038452,0.05855847895145416,0.1848321110010147,0.17938220500946045,0.316434770822525,0.10013096779584885,0.24988338351249695,1739280987,208
261,0.13729195296764374,0.24114620685577393,0.0581514909863472,0.18441973626613617,0.1766032576560974,0.3123818039894104,0.0975823849439621,0.2351967841386795,1739280988,209
262,0.13702704012393951,0.24106553196907043,0.05811258777976036,0.18452522158622742,0.17787480354309082,0.3147609233856201,0.09907443076372147,0.23564542829990387,1739280988,209
263,0.13640809059143066,0.2402479648590088,0.05771908164024353,0.18283520638942719,0.17530032992362976,0.3109995424747467,0.09672071784734726,0.23594745993614197,1739280988,209
264,0.13601648807525635,0.23988357186317444,0.057544127106666565,0.18242214620113373,0.17833758890628815,0.3161962926387787,0.09998008608818054,0.23430101573467255,1739280988,209
265,0.1357242316007614,0.23973791301250458,0.05747426673769951,0.1843080073595047,0.17616179585456848,0.3130849003791809,0.09802215546369553,0.2331443428993225,1739280989,210
266,0.1362060308456421,0.24119186401367188,0.058173518627882004,0.18381813168525696,0.1776372343301773,0.3157769739627838,0.09971509128808975,0.23358722031116486,1739280989,210
267,0.13584282994270325,0.2408972978591919,0.05803150683641434,0.18391011655330658,0.17584453523159027,0.31327369809150696,0.0981404036283493,0.23396818339824677,1739280989,210
268,0.1351613849401474,0.23992691934108734,0.057564929127693176,0.18362706899642944,0.17763830721378326,0.3164656162261963,0.10015048831701279,0.23307763040065765,1739280989,210
269,0.13492542505264282,0.23987357318401337,0.057539328932762146,0.18379777669906616,0.17529042065143585,0.3130740225315094,0.09801534563302994,0.2340606451034546,1739280990,211
270,0.13418622314929962,0.23877854645252228,0.05701519548892975,0.18221168220043182,0.17562910914421082,0.31395256519317627,0.0985662192106247,0.2338201254606247,1739280990,211
271,0.13438096642494202,0.2396259903907776,0.05742061510682106,0.18245160579681396,0.17658929526805878,0.3158148229122162,0.09973900020122528,0.23179295659065247,1739280990,211
272,0.13350901007652283,0.2382466346025467,0.05676146224141121,0.1822761446237564,0.17473985254764557,0.31320834159851074,0.09809946268796921,0.2355312705039978,1739280990,211
273,0.13377214968204498,0.23923765122890472,0.05723465234041214,0.18241749703884125,0.17607279121875763,0.3156612813472748,0.09964205324649811,0.2344808280467987,1739280991,212
274,0.13388171792030334,0.23989969491958618,0.05755186080932617,0.1829715520143509,0.1749931275844574,0.3142876625061035,0.09877674281597137,0.23561568558216095,1739280991,212
275,0.13392871618270874,0.2404467761516571,0.05781465396285057,0.18402956426143646,0.1739804446697235,0.3129993975162506,0.09796862304210663,0.23345990478992462,1739280991,212
276,0.13293257355690002,0.23879410326480865,0.05702262371778488,0.1827768236398697,0.17456836998462677,0.3142754137516022,0.09876903891563416,0.23500306904315948,1739280991,212
277,0.13295461237430573,0.2392854392528534,0.0572575181722641,0.1835956871509552,0.17442433536052704,0.31437861919403076,0.09883391857147217,0.23230822384357452,1739280992,213
278,0.13295012712478638,0.2397109866142273,0.05746135488152504,0.18332026898860931,0.17391318082809448,0.31389498710632324,0.09853005409240723,0.23242466151714325,1739280992,213
279,0.13293898105621338,0.2401178777217865,0.05765659362077713,0.18318109214305878,0.17285405099391937,0.3125301003456116,0.09767505526542664,0.2342679500579834,1739280992,213
280,0.13158991932868958,0.23771695792675018,0.0565093532204628,0.1811775416135788,0.1737212985754013,0.3142355978488922,0.09874401986598969,0.235177680850029,1739280992,213
281,0.1324497014284134,0.2399437576532364,0.05757300928235054,0.18295371532440186,0.17415188252925873,0.3152467608451843,0.09938051551580429,0.23341383039951324,1739280992,213
282,0.1318298727273941,0.23908016085624695,0.05715932324528694,0.18311895430088043,0.17233718931674957,0.3126761317253113,0.09776635468006134,0.23278354108333588,1739280993,214
283,0.13209544122219086,0.24004729092121124,0.057622700929641724,0.18276377022266388,0.1732354760169983,0.3144306242465973,0.09886661916971207,0.24177367985248566,1739280993,214
284,0.13098976016044617,0.23815543949604034,0.05671801418066025,0.18224020302295685,0.17810966074466705,0.3223935067653656,0.10393758118152618,0.2325807362794876,1739280993,214
285,0.13243654370307922,0.2415926158428192,0.05836699530482292,0.1840892732143402,0.1723199486732483,0.31361082196235657,0.09835174679756165,0.2377052754163742,1739280993,214
286,0.13005681335926056,0.2370295226573944,0.056182991713285446,0.180811807513237,0.17239819467067719,0.3140467405319214,0.09862534701824188,0.23568415641784668,1739280994,215
287,0.1309725046157837,0.23936490714550018,0.05729556083679199,0.182266965508461,0.17127221822738647,0.312563955783844,0.0976962298154831,0.2365882396697998,1739280994,215
288,0.1298799365758896,0.23748931288719177,0.056401170790195465,0.18064822256565094,0.17826181650161743,0.32385098934173584,0.1048794537782669,0.23429767787456512,1739280994,215
289,0.13103385269641876,0.24030113220214844,0.05774463713169098,0.18360519409179688,0.17532150447368622,0.3195829689502716,0.10213327407836914,0.23440654575824738,1739280994,215
290,0.13040755689144135,0.23940885066986084,0.057316601276397705,0.18320585787296295,0.17252925038337708,0.3154943287372589,0.09953667968511581,0.23248443007469177,1739280995,216
291,0.12976212799549103,0.23845504224300385,0.05686080455780029,0.1817859709262848,0.17170673608779907,0.3144841194152832,0.09890025854110718,0.2321578413248062,1739280995,216
292,0.12972880899906158,0.2387889325618744,0.0570201575756073,0.18166565895080566,0.17040376365184784,0.3127231299877167,0.0977957546710968,0.2383207082748413,1739280995,216
293,0.12883225083351135,0.23730990290641785,0.056315988302230835,0.18140850961208344,0.17108102142810822,0.3141027092933655,0.09866052120923996,0.23613962531089783,1739280995,216
294,0.12807844579219818,0.2361072599887848,0.05574663728475571,0.18064244091510773,0.16966284811496735,0.31213393807411194,0.097427599132061,0.23865312337875366,1739280995,216
295,0.1289663463830948,0.2383759617805481,0.05682309716939926,0.18117547035217285,0.17079544067382812,0.3142469823360443,0.09875116497278214,0.23491281270980835,1739280996,217
296,0.12933237850666046,0.23954741656780243,0.057382963597774506,0.1826154887676239,0.17184805870056152,0.3162136375904083,0.09999106079339981,0.24379219114780426,1739280996,217
297,0.128419429063797,0.2380192130804062,0.05665314570069313,0.1817600131034851,0.1690378338098526,0.31203916668891907,0.09736843407154083,0.2343859225511551,1739280996,217
298,0.12814413011074066,0.23782868683338165,0.05656248331069946,0.18112514913082123,0.16982249915599823,0.3135855197906494,0.0983358845114708,0.2368043065071106,1739280996,217
299,0.12766067683696747,0.2372041791677475,0.05626581981778145,0.18032477796077728,0.17398709058761597,0.32044902443885803,0.10268757492303848,0.23348437249660492,1739280997,218
300,0.1280459612607956,0.2383955866098404,0.056832458823919296,0.18150025606155396,0.17017094790935516,0.3147242069244385,0.099051333963871,0.23975645005702972,1739280997,218
301,0.12806028127670288,0.23881098628044128,0.05703068524599075,0.18179035186767578,0.17024420201778412,0.3151348829269409,0.099310003221035,0.239595428109169,1739280997,218
302,0.12733569741249084,0.2376784384250641,0.05649103969335556,0.18108463287353516,0.16932669281959534,0.31396496295928955,0.09857400506734848,0.23429302871227264,1739280997,218
303,0.1275157332420349,0.23843903839588165,0.05685317516326904,0.18118524551391602,0.1690940409898758,0.31388622522354126,0.0985245630145073,0.23585648834705353,1739280998,219
304,0.12678980827331543,0.237286776304245,0.056305017322301865,0.18168294429779053,0.17099685966968536,0.31718361377716064,0.10060545057058334,0.2353573441505432,1739280998,219
305,0.1269482970237732,0.23801317811012268,0.05665026977658272,0.1808752715587616,0.17306257784366608,0.32071202993392944,0.10285621136426926,0.23453766107559204,1739280998,219
306,0.12689773738384247,0.23828430473804474,0.0567794106900692,0.18280860781669617,0.1682826280593872,0.3134584128856659,0.0982561856508255,0.23334044218063354,1739280998,219
307,0.1262580156326294,0.23732228577136993,0.056321870535612106,0.18153992295265198,0.16851752996444702,0.31412094831466675,0.09867196530103683,0.2343491166830063,1739280999,220
308,0.12668421864509583,0.2385915219783783,0.05692591518163681,0.18177658319473267,0.16911211609840393,0.31535255908966064,0.09944724291563034,0.23284924030303955,1739280999,220
309,0.12600673735141754,0.23754271864891052,0.05642654374241829,0.18168209493160248,0.16993771493434906,0.31693753600120544,0.10044939815998077,0.2335260957479477,1739280999,220
310,0.1251606047153473,0.23614037036895752,0.05576227605342865,0.17996257543563843,0.168080672621727,0.3142791986465454,0.09877142310142517,0.23412498831748962,1739280999,220
311,0.12463583797216415,0.23540206253528595,0.05541412904858589,0.1791999191045761,0.1682870239019394,0.31489160656929016,0.09915672987699509,0.2348143756389618,1739280999,220
312,0.12515220046043396,0.2368694543838501,0.056107137352228165,0.17982864379882812,0.16837650537490845,0.3153075873851776,0.09941887855529785,0.2323773354291916,1739281000,221
313,0.12457054108381271,0.23601506650447845,0.055703114718198776,0.17868907749652863,0.1664680540561676,0.3125510811805725,0.09768817573785782,0.23777829110622406,1739281000,221
314,0.1257961094379425,0.2389596849679947,0.05710173398256302,0.1824491173028946,0.17022980749607086,0.3187843859195709,0.10162347555160522,0.23309415578842163,1739281000,221
315,0.12472990900278091,0.23707933723926544,0.05620661377906799,0.18127216398715973,0.16773289442062378,0.3151094615459442,0.09929397702217102,0.23904243111610413,1739281000,221
316,0.12457592785358429,0.2371155321598053,0.05622377246618271,0.1813933551311493,0.16713431477546692,0.3144312798976898,0.0988670215010643,0.23363792896270752,1739281001,222
317,0.12359849363565445,0.23541037738323212,0.055418048053979874,0.1782507449388504,0.16798622906208038,0.31606191396713257,0.09989512711763382,0.23760886490345,1739281001,222
318,0.12373282760381699,0.2360716313123703,0.05572981759905815,0.180121049284935,0.17075015604496002,0.3206746578216553,0.10283224284648895,0.23275010287761688,1739281001,222
319,0.12397965043783188,0.23695577681064606,0.05614803731441498,0.1809549182653427,0.1653016209602356,0.3123461902141571,0.09756014496088028,0.23764756321907043,1739281001,222
320,0.12341327965259552,0.23613110184669495,0.05575789883732796,0.18026843667030334,0.16764988005161285,0.3163561522960663,0.10008121281862259,0.2326788604259491,1739281002,223
321,0.12325427681207657,0.2361474335193634,0.05576561018824577,0.17958252131938934,0.16585877537727356,0.31377720832824707,0.09845612943172455,0.23905138671398163,1739281002,223
322,0.12270549684762955,0.23534002900123596,0.05538493022322655,0.17944462597370148,0.16644972562789917,0.3149801194667816,0.09921246767044067,0.23841820657253265,1739281002,223
323,0.12347397953271866,0.23731547594070435,0.05631863698363304,0.18185366690158844,0.16938640177249908,0.31986764073371887,0.10231529921293259,0.23332244157791138,1739281002,223
324,0.1222672313451767,0.23510593175888062,0.05527479946613312,0.17771048843860626,0.16551059484481812,0.3140065670013428,0.0986001193523407,0.23628973960876465,1739281003,224
325,0.12249810248613358,0.23594120144844055,0.05566824972629547,0.17906181514263153,0.1661010980606079,0.3152097463607788,0.09935718774795532,0.23874370753765106,1739281003,224
326,0.12287413328886032,0.23709329962730408,0.05621323361992836,0.181032195687294,0.16653351485729218,0.31614965200424194,0.09995059669017792,0.23302201926708221,1739281003,224
327,0.12254635244607925,0.2367413341999054,0.05604645609855652,0.1795244663953781,0.16593791544437408,0.3154638409614563,0.09951742738485336,0.23822514712810516,1739281003,224
328,0.12201888114213943,0.23595626652240753,0.055675361305475235,0.17878054082393646,0.16778059303760529,0.31862154603004456,0.10151968896389008,0.2491597682237625,1739281003,224
329,0.12322042882442474,0.23882243037223816,0.057036153972148895,0.1814708709716797,0.16657942533493042,0.31697526574134827,0.1004733145236969,0.23227544128894806,1739281004,225
330,0.12159465998411179,0.2357228547334671,0.05556526407599449,0.17917269468307495,0.1656017005443573,0.3156806230545044,0.09965426474809647,0.2341807782649994,1739281004,225
331,0.1219964474439621,0.23691393435001373,0.05612821504473686,0.1806870996952057,0.1642352193593979,0.31376057863235474,0.09844570606946945,0.23436406254768372,1739281004,225
332,0.1217784732580185,0.23678401112556458,0.05606666952371597,0.18026858568191528,0.16781429946422577,0.3196597695350647,0.10218237340450287,0.2345743477344513,1739281004,225
333,0.12067053467035294,0.23476673662662506,0.05511542409658432,0.17822232842445374,0.16541387140750885,0.3161314129829407,0.09993906319141388,0.2453235238790512,1739281005,226
334,0.12076344341039658,0.23530489206314087,0.055368389934301376,0.17921490967273712,0.16371481120586395,0.3136844038963318,0.09839791059494019,0.23633839190006256,1739281005,226
335,0.12042734771966934,0.23491212725639343,0.05518370866775513,0.17941881716251373,0.16346430778503418,0.31352803111076355,0.09829983115196228,0.23711439967155457,1739281005,226
336,0.12134358286857605,0.23718495666980743,0.056256700307130814,0.18118032813072205,0.1663694977760315,0.3183749318122864,0.10136260092258453,0.23218418657779694,1739281005,226
337,0.12068568170070648,0.2361249327659607,0.05575498193502426,0.17857986688613892,0.16405755281448364,0.314972847700119,0.09920790046453476,0.24332158267498016,1739281006,227
338,0.12026258558034897,0.2355463057756424,0.055482059717178345,0.17981897294521332,0.1624777764081955,0.3126833736896515,0.09777088463306427,0.240216925740242,1739281006,227
339,0.11952424794435501,0.23428279161453247,0.05488842353224754,0.17786039412021637,0.1652335822582245,0.3172953724861145,0.10067635029554367,0.23429782688617706,1739281006,227
340,0.11981668323278427,0.23523685336112976,0.055336374789476395,0.17924655973911285,0.16317784786224365,0.3142905533313751,0.09877855330705643,0.23919805884361267,1739281006,227
341,0.12015712261199951,0.2362743318080902,0.05582555755972862,0.18020200729370117,0.164432555437088,0.3165042996406555,0.10017497837543488,0.23381724953651428,1739281006,227
342,0.11961627751588821,0.2354436218738556,0.05543369799852371,0.17914830148220062,0.16474899649620056,0.3172411322593689,0.10064193606376648,0.23379285633563995,1739281007,228
343,0.11899729073047638,0.23443910479545593,0.05496169254183769,0.17872565984725952,0.16419367492198944,0.31660348176956177,0.10023776441812515,0.23403938114643097,1739281007,228
344,0.11934174597263336,0.235491082072258,0.055456049740314484,0.17867271602153778,0.16299523413181305,0.31493526697158813,0.09918422251939774,0.23822377622127533,1739281007,228
345,0.11903054267168045,0.23514220118522644,0.055291857570409775,0.17941702902317047,0.16223278641700745,0.31395912170410156,0.0985703393816948,0.23335392773151398,1739281007,228
346,0.1187266930937767,0.23480796813964844,0.05513478070497513,0.17894624173641205,0.16282297670841217,0.3151247203350067,0.09930359572172165,0.23361088335514069,1739281008,229
347,0.11865217983722687,0.2349611073732376,0.055206723511219025,0.17858949303627014,0.16345173120498657,0.3163556158542633,0.10008087009191513,0.23335041105747223,1739281008,229
348,0.11809240281581879,0.2340862900018692,0.05479639023542404,0.17815308272838593,0.16539403796195984,0.319640189409256,0.10216984152793884,0.23407521843910217,1739281008,229
349,0.11842262744903564,0.23509687185287476,0.05527053773403168,0.17933176457881927,0.16233232617378235,0.31504708528518677,0.09925466775894165,0.236805722117424,1739281008,229
350,0.11883305013179779,0.2362753003835678,0.05582601577043533,0.17936314642429352,0.16222737729549408,0.31511107087135315,0.0992949903011322,0.23231849074363708,1739281009,230
351,0.11799712479114532,0.23479974269866943,0.05513092130422592,0.17914316058158875,0.16173917055130005,0.3145595192909241,0.09894769638776779,0.23443268239498138,1739281009,230
352,0.11816136538982391,0.23545244336128235,0.0554378516972065,0.17815518379211426,0.16257475316524506,0.3161124885082245,0.09992711246013641,0.24663741886615753,1739281009,230
353,0.11779079586267471,0.2349727302789688,0.05521218478679657,0.179162859916687,0.1610427349805832,0.3139037489891052,0.09853556007146835,0.24110035598278046,1739281009,230
354,0.11770103871822357,0.23507985472679138,0.05526253581047058,0.1790144294500351,0.16273081302642822,0.3167992830276489,0.10036178678274155,0.23523233830928802,1739281010,231
355,0.11803578585386276,0.23607489466667175,0.055731356143951416,0.17932914197444916,0.16116644442081451,0.3145373463630676,0.09893374145030975,0.23728862404823303,1739281010,231
356,0.11834716796875,0.23703303933143616,0.05618466064333916,0.18098746240139008,0.1636735498905182,0.3187171220779419,0.10158059746026993,0.2325012981891632,1739281010,231
357,0.11776092648506165,0.23608697950839996,0.05573706328868866,0.17907357215881348,0.16486942768096924,0.3208048939704895,0.10291578620672226,0.23308981955051422,1739281010,231
358,0.11629306524991989,0.2332567721605301,0.0544087216258049,0.17690043151378632,0.16048471629619598,0.3141186535358429,0.09867051988840103,0.2382097840309143,1739281010,231
359,0.11661653965711594,0.2342381626367569,0.054867517203092575,0.17773154377937317,0.16277678310871124,0.3179532289505005,0.10109425336122513,0.23496784269809723,1739281011,232
360,0.11690347641706467,0.23513498902320862,0.05528846010565758,0.17867067456245422,0.16252462565898895,0.31777074933052063,0.10097824782133102,0.23367196321487427,1739281011,232
361,0.1164235770702362,0.23439666628837585,0.05494179576635361,0.17908358573913574,0.16231392323970795,0.31764665246009827,0.10089939832687378,0.2323726862668991,1739281011,232
362,0.11633337289094925,0.2344856709241867,0.054983530193567276,0.17778387665748596,0.16032220423221588,0.3147096335887909,0.099042147397995,0.24046708643436432,1739281011,232
363,0.11669839173555374,0.23555688560009003,0.05548704415559769,0.17932729423046112,0.16379238665103912,0.32039040327072144,0.10265000909566879,0.23382438719272614,1739281012,233
364,0.11527757346630096,0.23281127214431763,0.05420108512043953,0.1766064614057541,0.16167643666267395,0.31728145480155945,0.10066752135753632,0.234019473195076,1739281012,233
365,0.11625228822231293,0.23518382012844086,0.055311430245637894,0.17844770848751068,0.16072756052017212,0.3159964680671692,0.0998537689447403,0.23271910846233368,1739281012,233
366,0.1155015379190445,0.23386679589748383,0.05469367653131485,0.1771717220544815,0.16180895268917084,0.31791722774505615,0.10107135772705078,0.23178701102733612,1739281012,233
367,0.11580069363117218,0.2347954660654068,0.05512890964746475,0.17844055593013763,0.15991424024105072,0.3151412308216095,0.09931399673223495,0.23579439520835876,1739281012,233
368,0.1154579222202301,0.23436298966407776,0.054926007986068726,0.17763258516788483,0.16020920872688293,0.31582266092300415,0.09974396228790283,0.23431694507598877,1739281013,234
369,0.11557408422231674,0.2348838895559311,0.055170439183712006,0.17844992876052856,0.1609426736831665,0.31717821955680847,0.10060201585292816,0.23522084951400757,1739281013,234
370,0.11536513268947601,0.23471365869045258,0.05509049817919731,0.1790851503610611,0.16590581834316254,0.3251056373119354,0.10569367557764053,0.23377063870429993,1739281013,234
371,0.11395152658224106,0.23195712268352509,0.05380410701036453,0.17581579089164734,0.1597578078508377,0.3157072961330414,0.09967108815908432,0.23459424078464508,1739281013,234
372,0.11503758281469345,0.23454496264457703,0.055011339485645294,0.1782180219888687,0.1590242236852646,0.3147479295730591,0.09906625002622604,0.23254503309726715,1739281014,235
373,0.11390570551156998,0.2324068695306778,0.054012954235076904,0.17631225287914276,0.16119937598705292,0.31838762760162354,0.1013706773519516,0.2330772578716278,1739281014,235
374,0.1146329715847969,0.23424731194972992,0.054871805012226105,0.1778915822505951,0.15861940383911133,0.31451746821403503,0.09892123192548752,0.23780405521392822,1739281014,235
375,0.11407577991485596,0.2333248406648636,0.05444047972559929,0.1766924262046814,0.15970468521118164,0.3164405822753906,0.10013463348150253,0.2340547740459442,1739281014,235
376,0.11503206938505173,0.23563410341739655,0.055523429065942764,0.17926299571990967,0.1592566967010498,0.3159342408180237,0.09981445223093033,0.23201952874660492,1739281014,235
377,0.11450115591287613,0.2347905933856964,0.0551266223192215,0.1775899976491928,0.15844014286994934,0.31485462188720703,0.0991334393620491,0.24133265018463135,1739281015,236
378,0.11332691460847855,0.23254649341106415,0.0540778711438179,0.17809045314788818,0.16081881523132324,0.31879985332489014,0.10163334012031555,0.23360435664653778,1739281015,236
379,0.11346084624528885,0.23310992121696472,0.05434023216366768,0.1770445555448532,0.16036584973335266,0.31828993558883667,0.10130848735570908,0.23209381103515625,1739281015,236
380,0.11354544758796692,0.23355980217456818,0.0545501783490181,0.17669402062892914,0.162029430270195,0.3210923671722412,0.10310029983520508,0.23480072617530823,1739281015,236
381,0.11339463293552399,0.2335009127855301,0.05452267825603485,0.17694741487503052,0.1590261161327362,0.3165658116340637,0.1002139151096344,0.2385571151971817,1739281016,237
382,0.11357265710830688,0.23414194583892822,0.05482245236635208,0.17861074209213257,0.15836356580257416,0.3157196044921875,0.09967886656522751,0.2391996830701828,1739281016,237
383,0.11389914155006409,0.23510649800300598,0.05527506396174431,0.17804200947284698,0.15921401977539062,0.31726473569869995,0.1006569117307663,0.23330171406269073,1739281016,237
384,0.11257718503475189,0.2325444221496582,0.0540769062936306,0.17628982663154602,0.15731017291545868,0.3144432306289673,0.0988745391368866,0.2353110909461975,1739281016,237
385,0.1129436120390892,0.23359164595603943,0.054565057158470154,0.1768842488527298,0.15738315880298615,0.31475383043289185,0.09906996786594391,0.23714031279087067,1739281017,238
386,0.11301655322313309,0.23401817679405212,0.054764509201049805,0.17836210131645203,0.15750809013843536,0.31513741612434387,0.09931159019470215,0.2420065850019455,1739281017,238
387,0.11218100786209106,0.23247180879116058,0.05404314398765564,0.17675095796585083,0.15972156822681427,0.3188173174858093,0.10164447873830795,0.23314468562602997,1739281017,238
388,0.11257848888635635,0.23357230424880981,0.054556023329496384,0.17803272604942322,0.15725915133953094,0.31511539220809937,0.09929771721363068,0.23594996333122253,1739281017,238
389,0.11201831698417664,0.23262697458267212,0.054115310311317444,0.17661482095718384,0.15707018971443176,0.31499963998794556,0.0992247685790062,0.23477326333522797,1739281017,238
390,0.11189990490674973,0.23260970413684845,0.05410727113485336,0.17545413970947266,0.15688881278038025,0.3148893415927887,0.09915529936552048,0.23622781038284302,1739281018,239
391,0.11148038506507874,0.2319505214691162,0.0538010448217392,0.17657653987407684,0.15864349901676178,0.3178432583808899,0.10102434456348419,0.23321641981601715,1739281018,239
392,0.11284003406763077,0.23512312769889832,0.05528288707137108,0.17920880019664764,0.15862661600112915,0.31801334023475647,0.10113248974084854,0.2323201447725296,1739281018,239
393,0.1122744157910347,0.23418280482292175,0.05484158545732498,0.17761845886707306,0.15891370177268982,0.3186606168746948,0.1015445813536644,0.23274244368076324,1739281018,239
394,0.11211445182561874,0.23410148918628693,0.054803505539894104,0.17752592265605927,0.1568576991558075,0.31561142206192017,0.09961056709289551,0.2390466332435608,1739281019,240
395,0.11228106915950775,0.23471863567829132,0.055092841386795044,0.17778678238391876,0.1574011892080307,0.31666553020477295,0.10027705878019333,0.241788849234581,1739281019,240
396,0.11102139949798584,0.23228293657302856,0.05395536497235298,0.17670422792434692,0.15936222672462463,0.31992995738983154,0.10235517472028732,0.23398464918136597,1739281019,240
397,0.11221370846033096,0.23508265614509583,0.05526385456323624,0.17853359878063202,0.15874654054641724,0.3191477656364441,0.10185530036687851,0.233334019780159,1739281019,240
398,0.11149207502603531,0.23377935588359833,0.05465278774499893,0.17759934067726135,0.15643534064292908,0.3156804144382477,0.09965413063764572,0.23369252681732178,1739281020,241
399,0.11156874895095825,0.23418308794498444,0.05484171584248543,0.17782177031040192,0.15832269191741943,0.31883513927459717,0.10165584087371826,0.23247049748897552,1739281020,241
400,0.11023557186126709,0.23156864941120148,0.05362404137849808,0.1761004477739334,0.1571974903345108,0.3172471523284912,0.1006457582116127,0.2458772361278534,1739281020,241
401,0.11059322953224182,0.232575461268425,0.05409134179353714,0.17674113810062408,0.15814262628555298,0.3189089894294739,0.10170294344425201,0.2351001352071762,1739281020,241
402,0.11079779267311096,0.23327061533927917,0.054415177553892136,0.1766936182975769,0.1559593230485916,0.3156450092792511,0.09963177144527435,0.2394770383834839,1739281021,242
403,0.11033651977777481,0.23251155018806458,0.05406161770224571,0.17593245208263397,0.15627697110176086,0.31631869077682495,0.10005751997232437,0.23242850601673126,1739281021,242
404,0.10978207737207413,0.23155909776687622,0.053619615733623505,0.17580623924732208,0.1567292958498001,0.31721335649490356,0.10062432289123535,0.2392272800207138,1739281021,242
405,0.1104486882686615,0.2332375943660736,0.054399773478507996,0.17606227099895477,0.15606775879859924,0.3163518011569977,0.10007846355438232,0.24081487953662872,1739281021,242
406,0.11010566353797913,0.2327483892440796,0.054171815514564514,0.17624816298484802,0.15601909160614014,0.31645044684410095,0.10014088451862335,0.23344159126281738,1739281022,243
407,0.10993215441703796,0.23259879648685455,0.054102201014757156,0.17625950276851654,0.16097193956375122,0.3243437111377716,0.10519884526729584,0.2336876541376114,1739281022,243
408,0.11016857624053955,0.2333441823720932,0.05444950982928276,0.17661742866039276,0.1560995727777481,0.3169237971305847,0.10044068843126297,0.23214037716388702,1739281022,243
409,0.1095878928899765,0.23234617710113525,0.05398474261164665,0.1751914769411087,0.15588708221912384,0.3167668282985687,0.10034123063087463,0.2342245727777481,1739281022,243
410,0.10934227705001831,0.23205392062664032,0.05384902283549309,0.17594993114471436,0.15933211147785187,0.32232600450515747,0.10389406234025955,0.2337215691804886,1739281022,243
411,0.10988205671310425,0.2334512621164322,0.054499492049217224,0.1768430769443512,0.15457025170326233,0.3150380849838257,0.09924899786710739,0.23666822910308838,1739281023,244
412,0.109491266310215,0.23285354673862457,0.0542207770049572,0.17647896707057953,0.15471823513507843,0.31544262170791626,0.09950403869152069,0.23411819338798523,1739281023,244
413,0.10901063680648804,0.23204973340034485,0.05384708195924759,0.17594078183174133,0.1551796793937683,0.31633472442626953,0.10006765276193619,0.23810791969299316,1739281023,244
414,0.10914956033229828,0.23257438838481903,0.054090846329927444,0.17706835269927979,0.15444554388523102,0.31534427404403687,0.0994420126080513,0.2332410216331482,1739281023,244
415,0.10846075415611267,0.2313256561756134,0.05351155623793602,0.17442959547042847,0.15625706315040588,0.31837892532348633,0.10136513411998749,0.24148441851139069,1739281024,245
416,0.10887941718101501,0.23245637118816376,0.054035965353250504,0.17588604986667633,0.1551121026277542,0.3167382478713989,0.10032311826944351,0.24298718571662903,1739281024,245
417,0.10937903076410294,0.2337566465139389,0.05464216694235802,0.17661191523075104,0.15616580843925476,0.31857165694236755,0.1014879047870636,0.23406562209129333,1739281024,245
418,0.10803388804197311,0.23109900951385498,0.05340675264596939,0.17586186528205872,0.15748098492622375,0.3207833468914032,0.10290195792913437,0.23258964717388153,1739281024,245
419,0.10821644216775894,0.23170697689056396,0.05368812382221222,0.175019308924675,0.1577330380678177,0.3213406205177307,0.10325978696346283,0.23431086540222168,1739281025,246
420,0.10894615948200226,0.23350480198860168,0.0545244924724102,0.1770292967557907,0.15394549071788788,0.3155631422996521,0.09958009421825409,0.23757508397102356,1739281025,246
421,0.10899176448583603,0.23383107781410217,0.054676976054906845,0.17760245501995087,0.1529533565044403,0.3141520321369171,0.09869149327278137,0.23223204910755157,1739281025,246
422,0.10817408561706543,0.23230774700641632,0.05396689102053642,0.17544668912887573,0.15447518229484558,0.31673404574394226,0.10032045096158981,0.23390142619609833,1739281025,246
423,0.1085774153470993,0.23339484632015228,0.0544731542468071,0.17690737545490265,0.1560395061969757,0.3193533718585968,0.10198657959699631,0.23350797593593597,1739281025,246
424,0.10784529894590378,0.23203635215759277,0.053840868175029755,0.1757359802722931,0.15383024513721466,0.3160296082496643,0.09987471252679825,0.23366539180278778,1739281026,247
425,0.10877742618322372,0.23423223197460175,0.05486473813652992,0.1774323284626007,0.1562531292438507,0.3199930489063263,0.10239555686712265,0.23374001681804657,1739281026,247
426,0.1080554872751236,0.23291458189487457,0.05424920469522476,0.176402747631073,0.15690164268016815,0.32117125391960144,0.10315097868442535,0.23448891937732697,1739281026,247
427,0.10729479789733887,0.2315032184123993,0.05359373986721039,0.1745314747095108,0.15498915314674377,0.31834033131599426,0.10134056210517883,0.23567774891853333,1739281026,247
428,0.10716848075389862,0.23145604133605957,0.053571902215480804,0.17514453828334808,0.15859118103981018,0.32411256432533264,0.10504895448684692,0.23399046063423157,1739281027,248
429,0.10728505253791809,0.2319270223379135,0.0537901446223259,0.17553120851516724,0.15247198939323425,0.31469669938087463,0.09903401881456375,0.23775780200958252,1739281027,248
430,0.10735723376274109,0.23231251537799835,0.05396910756826401,0.17604225873947144,0.1536741703748703,0.3167611360549927,0.10033760964870453,0.23450273275375366,1739281027,248
431,0.10739041119813919,0.23260225355625153,0.05410381034016609,0.17598623037338257,0.15479768812656403,0.3186863660812378,0.10156099498271942,0.23418129980564117,1739281027,248
432,0.10645962506532669,0.23079513013362885,0.05326639115810394,0.17407862842082977,0.1526244431734085,0.315415620803833,0.09948702156543732,0.2369869351387024,1739281027,248
433,0.10640782117843628,0.23090489208698273,0.05331706628203392,0.17423823475837708,0.15360082685947418,0.3171115815639496,0.10055975615978241,0.24420295655727386,1739281028,249
434,0.10695736110210419,0.23230352997779846,0.05396493151783943,0.17599819600582123,0.15260884165763855,0.3157021403312683,0.09966783225536346,0.24078108370304108,1739281028,249
435,0.10775940120220184,0.23423755168914795,0.05486723408102989,0.1778850108385086,0.1594356745481491,0.3264935314655304,0.10659801959991455,0.23444028198719025,1739281028,249
436,0.10673796385526657,0.2322700321674347,0.05394936725497246,0.17630426585674286,0.15527299046516418,0.3202108144760132,0.10253496468067169,0.23299825191497803,1739281028,249
437,0.10679901391267776,0.23261724412441254,0.05411078408360481,0.17580658197402954,0.1528957188129425,0.31663575768470764,0.10025820136070251,0.24001646041870117,1739281029,250
438,0.10565701127052307,0.23035933077335358,0.05306542292237282,0.17378149926662445,0.15412165224552155,0.3187102675437927,0.10157623887062073,0.23425117135047913,1739281029,250
439,0.10727086663246155,0.2340366244316101,0.05477314442396164,0.1776856631040573,0.15305659174919128,0.3171909749507904,0.10061010718345642,0.23240473866462708,1739281029,250
440,0.10584104061126709,0.23117491602897644,0.053441841155290604,0.1750439703464508,0.15267778933048248,0.316734254360199,0.10032058507204056,0.23505206406116486,1739281029,250
441,0.10566950589418411,0.23100213706493378,0.05336198955774307,0.1748167723417282,0.15200366079807281,0.3158220648765564,0.09974358230829239,0.2401372790336609,1739281030,251
442,0.10657741129398346,0.2331533432006836,0.05436048284173012,0.17637071013450623,0.15358595550060272,0.31846076250076294,0.10141726583242416,0.2447669357061386,1739281030,251
443,0.10602718591690063,0.23217301070690155,0.05390430986881256,0.17628203332424164,0.1535731703042984,0.3185933232307434,0.1015017107129097,0.23262852430343628,1739281030,251
444,0.10565918684005737,0.23158223927021027,0.05363033339381218,0.1755860596895218,0.1522245705127716,0.31661665439605713,0.10024610906839371,0.23832622170448303,1739281030,251
445,0.1046738475561142,0.22964975237846375,0.05273900553584099,0.173369362950325,0.1520974487066269,0.31655749678611755,0.10020864754915237,0.2361094057559967,1739281030,251
446,0.10502408444881439,0.23061299324035645,0.05318235605955124,0.1742791384458542,0.15186797082424164,0.3163452446460724,0.10007432103157043,0.24034495651721954,1739281031,252
447,0.10517073422670364,0.23113694787025452,0.05342428758740425,0.1748359501361847,0.15291523933410645,0.31814929842948914,0.10121898353099823,0.2444172501564026,1739281031,252
448,0.10503426194190979,0.23105566203594208,0.05338671803474426,0.17530640959739685,0.15282997488975525,0.31816428899765015,0.1012285053730011,0.23424267768859863,1739281031,252
449,0.10509410500526428,0.23138774931430817,0.053540293127298355,0.1747555136680603,0.15122972428798676,0.315793514251709,0.09972553700208664,0.23712554574012756,1739281031,252
450,0.10487306118011475,0.2311156988143921,0.053414467722177505,0.17457370460033417,0.1517305225133896,0.3167319893836975,0.10031914710998535,0.24228817224502563,1739281032,253
451,0.10535985976457596,0.23237244784832,0.05399695783853531,0.17587506771087646,0.15285778045654297,0.3186629116535187,0.10154605656862259,0.23524564504623413,1739281032,253
452,0.10516974329948425,0.23217731714248657,0.05390630662441254,0.1767142117023468,0.15692177414894104,0.3251281678676605,0.10570832341909409,0.2345093935728073,1739281032,253
453,0.10494475811719894,0.2318885326385498,0.05377228930592537,0.17535732686519623,0.15079183876514435,0.31570297479629517,0.09966837614774704,0.23959018290042877,1739281032,253
454,0.10528967529535294,0.23282650113105774,0.0542081817984581,0.17541629076004028,0.15101909637451172,0.3161965012550354,0.09998022764921188,0.23973925411701202,1739281033,254
455,0.10379351675510406,0.22977936267852783,0.0527985543012619,0.1737464815378189,0.15261197090148926,0.3188469409942627,0.10166337341070175,0.2371990829706192,1739281033,254
456,0.10411354899406433,0.23067183792591095,0.05320949852466583,0.17420470714569092,0.15167640149593353,0.31751710176467896,0.10081711411476135,0.23702384531497955,1739281033,254
457,0.10433558374643326,0.2313438504934311,0.053519975394010544,0.17540790140628815,0.15217506885528564,0.3184419274330139,0.10140526294708252,0.23821598291397095,1739281033,254
458,0.10465589910745621,0.23224160075187683,0.05393616110086441,0.17588843405246735,0.15091758966445923,0.3166096806526184,0.10024169832468033,0.23518352210521698,1739281033,254
459,0.10417193919420242,0.23138366639614105,0.053538400679826736,0.17543213069438934,0.15200695395469666,0.31846335530281067,0.10141891241073608,0.23491927981376648,1739281034,255
460,0.10383714735507965,0.2308579683303833,0.053295403718948364,0.17429228127002716,0.15125180780887604,0.31742626428604126,0.10075942426919937,0.2398248016834259,1739281034,255
461,0.10402876883745193,0.23145952820777893,0.05357351154088974,0.1747288852930069,0.14978912472724915,0.315243124961853,0.09937822073698044,0.2348315268754959,1739281034,255
462,0.10294455289840698,0.22930194437503815,0.052579380571842194,0.1732727289199829,0.1515730917453766,0.3182011544704437,0.101251982152462,0.23805737495422363,1739281034,255
463,0.10460873693227768,0.23309126496315002,0.05433153733611107,0.17650280892848969,0.1503867655992508,0.3164784908294678,0.10015863180160522,0.236919105052948,1739281035,256
464,0.10265257954597473,0.22905674576759338,0.052466996014118195,0.17353658378124237,0.15435220301151276,0.32281383872032166,0.10420877486467361,0.23558001220226288,1739281035,256
465,0.10355717688798904,0.23120209574699402,0.053454410284757614,0.17448219656944275,0.1520845890045166,0.31941619515419006,0.10202670842409134,0.23722390830516815,1739281035,256
466,0.10358192026615143,0.2314460724592209,0.05356728285551071,0.1749701350927353,0.15005503594875336,0.3163614273071289,0.10008455067873001,0.23360402882099152,1739281035,256
467,0.10286036133766174,0.2300650179386139,0.05292991176247597,0.1736755073070526,0.1510389745235443,0.31804776191711426,0.1011543720960617,0.2379719614982605,1739281036,257
468,0.10308016091585159,0.23072637617588043,0.05323466286063194,0.17441178858280182,0.15037454664707184,0.3171338737010956,0.10057389736175537,0.23663601279258728,1739281036,257
469,0.10296379774808884,0.23066557943820953,0.053206607699394226,0.1741827428340912,0.15479114651679993,0.3241548240184784,0.10507635027170181,0.23441293835639954,1739281036,257
470,0.10245809704065323,0.22975510358810425,0.052787408232688904,0.17405857145786285,0.15203571319580078,0.3200182318687439,0.1024116650223732,0.23475563526153564,1739281036,257
471,0.10358955711126328,0.2324015498161316,0.05401047691702843,0.17554879188537598,0.1584143340587616,0.32997846603393555,0.10888578742742538,0.23611921072006226,1739281036,257
472,0.10279511660337448,0.23087657988071442,0.05330399423837662,0.174552783370018,0.15073171257972717,0.31824976205825806,0.10128291696310043,0.23334714770317078,1739281037,258
473,0.10268913954496384,0.230825275182724,0.0532803051173687,0.1744636446237564,0.152227520942688,0.320726215839386,0.1028653010725975,0.23458543419837952,1739281037,258
474,0.10230724513530731,0.23018787801265717,0.05298646166920662,0.17374229431152344,0.14971186220645905,0.31691333651542664,0.1004340648651123,0.23583438992500305,1739281037,258
475,0.10352468490600586,0.23300237953662872,0.054290108382701874,0.17580454051494598,0.15032632648944855,0.31801700592041016,0.10113482177257538,0.23990269005298615,1739281037,258
476,0.1013636440038681,0.22850337624549866,0.052213795483112335,0.17306959629058838,0.15296787023544312,0.3222733736038208,0.10386013239622116,0.23360662162303925,1739281037,258
477,0.10288647562265396,0.23199599981307983,0.05382214114069939,0.17539411783218384,0.15187877416610718,0.32071787118911743,0.10285995900630951,0.23295050859451294,1739281038,259
478,0.10179564356803894,0.229813814163208,0.052814386785030365,0.1733352541923523,0.15141606330871582,0.32011517882347107,0.10247372835874557,0.23271137475967407,1739281038,259
479,0.10236359387636185,0.23122553527355194,0.05346525087952614,0.17540343105793,0.15297642350196838,0.32266661524772644,0.10411374270915985,0.23274663090705872,1739281038,259
480,0.10271098464727402,0.23214465379714966,0.0538911372423172,0.17506836354732513,0.15101732313632965,0.3197469711303711,0.10223812609910965,0.23333707451820374,1739281038,259
481,0.10132097452878952,0.2293030321598053,0.05257987976074219,0.17357847094535828,0.14952246844768524,0.3175218403339386,0.10082011669874191,0.2336302548646927,1739281039,260
482,0.10217723250389099,0.23133578896522522,0.05351625010371208,0.17522907257080078,0.15112535655498505,0.32017168402671814,0.10250990092754364,0.2338476926088333,1739281039,260
483,0.10198203474283218,0.23109856247901917,0.05340654402971268,0.17485645413398743,0.15170210599899292,0.321198970079422,0.103168785572052,0.23304076492786407,1739281039,260
484,0.10157550126314163,0.2303861826658249,0.05307779088616371,0.17371079325675964,0.14824147522449493,0.31588008999824524,0.09978022426366806,0.23956133425235748,1739281039,260
485,0.10185393691062927,0.23115190863609314,0.053431205451488495,0.17456096410751343,0.1510680466890335,0.32044753432273865,0.10268661379814148,0.23426057398319244,1739281039,260
486,0.10186109691858292,0.23134835064411163,0.053522057831287384,0.17520023882389069,0.1490584760904312,0.31743040680885315,0.10076205432415009,0.24027425050735474,1739281040,261
487,0.10179112106561661,0.2313796430826187,0.053536538034677505,0.17537929117679596,0.1481422334909439,0.3161149322986603,0.09992865473031998,0.23579898476600647,1739281040,261
488,0.10143544524908066,0.23078280687332153,0.05326070263981819,0.17491476237773895,0.14959369599819183,0.3185229003429413,0.10145684331655502,0.23509548604488373,1739281040,261
489,0.10174919664859772,0.231634721159935,0.05365464463829994,0.1746678352355957,0.14837011694908142,0.31672894954681396,0.10031723231077194,0.24254941940307617,1739281040,261
490,0.10119540244340897,0.2306162267923355,0.053183842450380325,0.17441600561141968,0.14970934391021729,0.3189621567726135,0.10173685103654861,0.235387921333313,1739281041,262
491,0.10066165030002594,0.22962172329425812,0.0527261346578598,0.17292028665542603,0.1506555676460266,0.3205588161945343,0.10275794565677643,0.23425151407718658,1739281041,262
492,0.1001083254814148,0.2285756766796112,0.05224684253334999,0.17297610640525818,0.14863216876983643,0.31751182675361633,0.10081376880407333,0.23428736627101898,1739281041,262
493,0.10085700452327728,0.2303929626941681,0.05308091640472412,0.17375008761882782,0.14956480264663696,0.31910520792007446,0.10182813555002213,0.2343764752149582,1739281041,262
494,0.10118654370307922,0.23127293586730957,0.05348717421293259,0.17414426803588867,0.14831040799617767,0.31726300716400146,0.10065580904483795,0.23398372530937195,1739281041,262
495,0.10068217664957047,0.23036664724349976,0.053068794310092926,0.1741010993719101,0.14925672113895416,0.3188665211200714,0.1016758531332016,0.24442124366760254,1739281042,263
496,0.10104154050350189,0.2312932312488556,0.05349656194448471,0.17553377151489258,0.14947596192359924,0.3193323612213135,0.10197316110134125,0.23358894884586334,1739281042,263
497,0.10106754302978516,0.23152416944503784,0.05360344424843788,0.1744280904531479,0.1498568207025528,0.320050448179245,0.10243228077888489,0.23575769364833832,1739281042,263
498,0.10031355917453766,0.23005537688732147,0.0529254786670208,0.17332682013511658,0.1479729264974594,0.31722158193588257,0.1006295382976532,0.2401994913816452,1739281042,263
499,0.10036801546812057,0.2303585261106491,0.05306505039334297,0.1745901256799698,0.14798755943775177,0.31737059354782104,0.10072409361600876,0.23588158190250397,1739281043,264
500,0.09955521672964096,0.22875340282917023,0.05232812091708183,0.1721879094839096,0.14875192940235138,0.3186870217323303,0.10156142711639404,0.2351117730140686,1739281043,264
501,0.10030719637870789,0.23055271804332733,0.053154557943344116,0.1748075783252716,0.1477445513010025,0.317221462726593,0.10062945634126663,0.23722730576992035,1739281043,264
502,0.09983008354902267,0.22968189418315887,0.05275377258658409,0.1735844910144806,0.14877016842365265,0.31894639134407043,0.10172680020332336,0.23298518359661102,1739281043,264
503,0.10000572353601456,0.23021242022514343,0.052997760474681854,0.17339858412742615,0.14779695868492126,0.31753644347190857,0.10082939267158508,0.24351418018341064,1739281044,265
504,0.09958850592374802,0.22947373986244202,0.05265819653868675,0.17338737845420837,0.1495237946510315,0.3203640282154083,0.10263311117887497,0.2336956113576889,1739281044,265
505,0.09969763457775116,0.22988228499889374,0.05284586548805237,0.17287848889827728,0.1480061262845993,0.3181130290031433,0.10119590163230896,0.24059005081653595,1739281044,265
506,0.10021929442882538,0.23118922114372253,0.05344845727086067,0.17517216503620148,0.14960841834545135,0.3207426071166992,0.10287582874298096,0.23638620972633362,1739281044,265
507,0.10010553151369095,0.2311047613620758,0.05340941250324249,0.1741161048412323,0.1468033492565155,0.31645724177360535,0.10014518350362778,0.23392486572265625,1739281045,266
508,0.10038218647241592,0.23185674846172333,0.053757552057504654,0.17437951266765594,0.1511152684688568,0.32331451773643494,0.10453227162361145,0.2344839870929718,1739281045,266
509,0.1001594290137291,0.2315462827682495,0.053613677620887756,0.1746223419904709,0.14796055853366852,0.3185204267501831,0.10145525634288788,0.2393006533384323,1739281045,266
510,0.10041102766990662,0.23223839700222015,0.053934674710035324,0.17556533217430115,0.1474890112876892,0.31787413358688354,0.10104396194219589,0.23819659650325775,1739281045,266
511,0.09926837682723999,0.22990860044956207,0.052857961505651474,0.17288781702518463,0.15075667202472687,0.32308319211006165,0.10438274592161179,0.23349633812904358,1739281045,266
512,0.09908545762300491,0.2296641618013382,0.05274562910199165,0.17314261198043823,0.1471259891986847,0.31752827763557434,0.10082421451807022,0.23557627201080322,1739281046,267
513,0.09884854406118393,0.22931644320487976,0.05258603394031525,0.17204850912094116,0.14719824492931366,0.3177594244480133,0.1009710505604744,0.24205058813095093,1739281046,267
514,0.09920813143253326,0.2302587330341339,0.05301908403635025,0.17407932877540588,0.14726606011390686,0.3179769515991211,0.1011093482375145,0.23523175716400146,1739281046,267
515,0.09883985668420792,0.22959980368614197,0.05271606892347336,0.17290492355823517,0.14878259599208832,0.3204643428325653,0.10269740223884583,0.23729221522808075,1739281046,267
516,0.09904631972312927,0.2302098423242569,0.052996568381786346,0.17407077550888062,0.14739404618740082,0.3184029757976532,0.10138045996427536,0.2333602011203766,1739281047,268
517,0.0976470485329628,0.22730691730976105,0.051668431609869,0.1715012490749359,0.1477479189634323,0.3190767467021942,0.10180997848510742,0.2418193519115448,1739281047,268
518,0.09858880192041397,0.22953158617019653,0.05268475040793419,0.17350007593631744,0.14893198013305664,0.3210331201553345,0.10306225717067719,0.23362793028354645,1739281047,268
519,0.09959929436445236,0.2318767011165619,0.053766801953315735,0.174803227186203,0.14631319046020508,0.31703928112983704,0.10051389783620834,0.23582372069358826,1739281047,268
520,0.09840138256549835,0.22943663597106934,0.05264116823673248,0.17224454879760742,0.14854539930820465,0.32065513730049133,0.10281971842050552,0.23437398672103882,1739281048,269
521,0.09887757897377014,0.2306249737739563,0.05318787693977356,0.17363853752613068,0.14753566682338715,0.3191978633403778,0.10188727080821991,0.23308855295181274,1739281048,269
522,0.09803999215364456,0.2289683222770691,0.05242649093270302,0.1726386994123459,0.14707107841968536,0.31857675313949585,0.10149115324020386,0.23411476612091064,1739281048,269
523,0.09810085594654083,0.22924792766571045,0.05255461111664772,0.17310254275798798,0.14841042459011078,0.3207879066467285,0.10290488600730896,0.232826828956604,1739281048,269
524,0.09791230410337448,0.2290048450231552,0.05244322121143341,0.173602893948555,0.1466960310935974,0.3182116150856018,0.10125863552093506,0.2356695979833603,1739281049,270
525,0.09905747324228287,0.23164287209510803,0.053658418357372284,0.17520664632320404,0.1502651423215866,0.32387903332710266,0.1048976331949234,0.23430168628692627,1739281049,270
526,0.09792786836624146,0.22933469712734222,0.05259440094232559,0.1735156625509262,0.1471424102783203,0.3191204071044922,0.10183783620595932,0.23227739334106445,1739281049,270
527,0.09775515645742416,0.2290901094675064,0.052482280880212784,0.1723879873752594,0.14690959453582764,0.31886473298072815,0.10167471319437027,0.2413792610168457,1739281049,270
528,0.09834382683038712,0.23053163290023804,0.05314483493566513,0.17431648075580597,0.14937318861484528,0.32281944155693054,0.10421239584684372,0.23387369513511658,1739281049,270
529,0.09757930785417557,0.2290254831314087,0.05245266854763031,0.17191721498966217,0.14573238790035248,0.3172386586666107,0.10064037144184113,0.23449015617370605,1739281050,271
530,0.09696514159440994,0.22783704102039337,0.05190971866250038,0.17189987003803253,0.14660614728927612,0.31871771812438965,0.10158097743988037,0.23870766162872314,1739281050,271
531,0.09741638600826263,0.2289648950099945,0.052424922585487366,0.17186333239078522,0.14801236987113953,0.3210284113883972,0.10305924713611603,0.23447611927986145,1739281050,271
532,0.096916064620018,0.22802618145942688,0.051995936781167984,0.17113803327083588,0.1484161913394928,0.3217679262161255,0.10353459417819977,0.23527716100215912,1739281050,271
533,0.09807630628347397,0.23072366416454315,0.05323340743780136,0.17427407205104828,0.14546968042850494,0.3172737658023834,0.10066263377666473,0.2368558645248413,1739281051,272
534,0.09846577048301697,0.2317114919424057,0.053690217435359955,0.175704225897789,0.1461242139339447,0.31841400265693665,0.10138748586177826,0.23347049951553345,1739281051,272
535,0.09748685359954834,0.22974099218845367,0.05278092622756958,0.1733819842338562,0.14560702443122864,0.31770390272140503,0.10093576461076736,0.23722149431705475,1739281051,272
536,0.09790127724409103,0.2307974398136139,0.0532674603164196,0.17523778975009918,0.1448964774608612,0.3167019188404083,0.10030009597539902,0.23604407906532288,1739281051,272
537,0.09729006141424179,0.2296256721019745,0.05272794887423515,0.17356489598751068,0.14506030082702637,0.3170589506626129,0.10052637755870819,0.23328979313373566,1739281052,273
538,0.09682676196098328,0.22874519228935242,0.05232436582446098,0.17194505035877228,0.14609768986701965,0.3187985122203827,0.1016324833035469,0.2391597479581833,1739281052,273
539,0.09724103659391403,0.22979697585105896,0.05280665308237076,0.17402473092079163,0.14486730098724365,0.31696876883506775,0.100469209253788,0.23948734998703003,1739281052,273
540,0.09723451733589172,0.2299368977546692,0.052870973944664,0.17308014631271362,0.1451769322156906,0.3175646662712097,0.10084731876850128,0.23566223680973053,1739281052,273
541,0.09668577462434769,0.22889605164527893,0.05239339917898178,0.1730918139219284,0.1438477486371994,0.3155808448791504,0.09959127753973007,0.23733676970005035,1739281053,274
542,0.09681670367717743,0.22931553423404694,0.05258561298251152,0.17256948351860046,0.14620567858219147,0.31939685344696045,0.10201435536146164,0.2442135363817215,1739281053,274
543,0.09758595377206802,0.23113350570201874,0.05342269688844681,0.17536252737045288,0.14439640939235687,0.31664881110191345,0.1002664715051651,0.23617014288902283,1739281053,274
544,0.09637737274169922,0.2286408692598343,0.052276644855737686,0.17241975665092468,0.14632157981395721,0.3197706937789917,0.10225328803062439,0.24384509027004242,1739281053,274
545,0.09711381047964096,0.23039399087429047,0.053081393241882324,0.17371778190135956,0.1454724222421646,0.31855082511901855,0.10147462785243988,0.24151521921157837,1739281053,274
546,0.09707247465848923,0.23044900596141815,0.053106747567653656,0.17402014136314392,0.14711953699588776,0.3212273418903351,0.10318700224161148,0.23611609637737274,1739281054,275
547,0.09635879844427109,0.22903555631637573,0.052457284182310104,0.17290498316287994,0.1451999843120575,0.3183234632015228,0.10132983326911926,0.23598109185695648,1739281054,275
548,0.09639561176300049,0.2292550653219223,0.05255788192152977,0.1733745038509369,0.145381361246109,0.31871163845062256,0.10157711058855057,0.23524518311023712,1739281054,275
549,0.09822315722703934,0.23335392773151398,0.054454054683446884,0.17507579922676086,0.1446121633052826,0.31760889291763306,0.10087540000677109,0.23508639633655548,1739281054,275
550,0.09663490951061249,0.23006539046764374,0.0529300831258297,0.17287185788154602,0.14514169096946716,0.3185473680496216,0.10147242248058319,0.2370467483997345,1739281055,276
551,0.09704414755105972,0.23109370470046997,0.053404301404953,0.17445310950279236,0.14581164717674255,0.31968799233436584,0.10220041871070862,0.23236921429634094,1739281055,276
552,0.09564884006977081,0.22819364070892334,0.05207233503460884,0.17170581221580505,0.14521455764770508,0.3188630938529968,0.1016736701130867,0.23790235817432404,1739281055,276
553,0.09725511074066162,0.23182713985443115,0.05374382063746452,0.17520666122436523,0.14554665982723236,0.3194807767868042,0.1020679622888565,0.2340182512998581,1739281055,276
554,0.09540548920631409,0.22794312238693237,0.05195806547999382,0.17126679420471191,0.14657075703144073,0.32117143273353577,0.10315108299255371,0.24511191248893738,1739281055,276
555,0.0954606831073761,0.2281814068555832,0.052066754549741745,0.17175021767616272,0.1483372449874878,0.32400208711624146,0.10497735440731049,0.23321935534477234,1739281056,277
556,0.09641959518194199,0.23041673004627228,0.0530918724834919,0.17395687103271484,0.14818836748600006,0.32386815547943115,0.10489057749509811,0.23349247872829437,1739281056,277
557,0.09585895389318466,0.22931979596614838,0.05258756875991821,0.172355517745018,0.14388787746429443,0.31725403666496277,0.1006501168012619,0.24238848686218262,1739281056,277
558,0.09582547843456268,0.2293783575296402,0.05261443182826042,0.17327766120433807,0.14528432488441467,0.3195321261882782,0.10210078209638596,0.23428043723106384,1739281056,277
559,0.09585928916931152,0.22957821190357208,0.05270615592598915,0.1729944348335266,0.14633110165596008,0.32125774025917053,0.10320653766393661,0.2352897822856903,1739281057,278
560,0.09618858247995377,0.23042577505111694,0.05309603735804558,0.17343632876873016,0.14490267634391785,0.31912457942962646,0.10184048861265182,0.24116064608097076,1739281057,278
561,0.09570131450891495,0.2294948399066925,0.052667878568172455,0.17360010743141174,0.14565443992614746,0.3203916549682617,0.10265080630779266,0.2348605841398239,1739281057,278
